genotype,KW,KW.pred
21-396-68B,226.2265,203.8838141
21-396-68B,225.131,240.2808524
21-396-68B,315.025,285.1657256
21-396-68B,273.7925,216.8705672
21-396-68B,212.5685,206.8844962
21-396-68B,259.2475,254.8482152
83612b,134.93,130.8645898
83612b,174.389,179.036711
83612b,172.119,153.5808436
83612b,149.718,147.3114675
83612b,183.637,177.5490831
83612b,172.2625,169.9641103
676A-348-68B,191.3745,208.8232743
676A-348-68B,215.171,213.6501669
676A-348-68B,181.42,204.4457747
676A-348-68B,202.101,208.2711753
676A-348-68B,187.964,153.2740901
676A-348-68B,182.6405,167.1224945
A684su,182.64,191.7651665
A684su,149.7135,129.2309928
A684su,228.993,215.1211492
A684su,232.6505,228.9526216
A684su,213.276,234.3448078
A684su,186.524,184.5992755
Andjar Bekaa,135.619,131.8300167
Andjar Bekaa,192.3785,192.9416071
Andjar Bekaa,133.059,137.1773849
Andjar Bekaa,169.196,168.7944297
Andjar Bekaa,130.005,126.1107175
Andjar Bekaa,146.8255,142.8975404
ARZM 19 057,176.9915,183.3727401
ARZM 19 057,221.57,236.4476908
ARZM 19 057,124.6135,129.3221556
ARZM 19 057,167.1685,172.4853984
ARZM 19 057,126.225,120.6433207
ARZM 19 057,119.189,124.2286816
ARZM 19 069,250.9965,266.1905954
ARZM 19 069,268.994,280.0868183
ARZM 19 069,273.614,251.4119909
ARZM 19 069,255.085,247.5620534
ARZM 19 069,265.1455,252.3591786
ARZM 19 069,236.6885,222.2900771
ARZM 20 006,259.611,254.7626434
ARZM 20 006,246.454,240.2306577
ARZM 20 006,263.021,238.0219668
ARZM 20 006,222.75,200.3603628
ARZM 20 006,243.7125,217.9501333
ARZM 20 006,249.061,244.2265924
ARZM 21 002,203.1165,199.3882394
ARZM 21 002,150.3385,151.6502347
ARZM 21 002,190.496,177.7076365
ARZM 21 002,143.2185,133.8598848
ARZM 21 002,114.1745,110.9922393
ARZM 21 002,191.7365,153.492762
ARZM 21 013,238.088,209.6609971
ARZM 21 013,219.3905,175.2785351
ARZM 21 013,193.039,175.3406521
ARZM 21 013,271.1535,241.5424425
ARZM 21 013,162.702,142.4580186
ARZM 21 013,177.6975,177.377604
C18,93.344,89.56220802
C18,110.2665,119.9400762
C18,96.382,93.6954224
C18,147.9315,134.5664465
C18,89.0835,95.31964291
C18,95.9565,98.80042697
C31,133.9215,135.6313019
C31,137.71,142.6873088
C31,145.251,144.2566924
C31,130.382,135.9515632
C31,109.912,112.6227599
C31,162.655,145.0506971
C40,157.149,180.3319621
C40,210.402,204.8377413
C40,201.968,196.1458251
C40,207.8725,198.8586224
C40,201.267,202.502
C40,172.9975,183.445771
C81,210.7,214.2848592
C81,129.0855,135.8909257
C81,247.6025,237.5408751
C81,239.0995,202.9029153
C81,205.0275,239.239673
C81,230.1675,231.0548125
C6A,156.927,151.9148372
C6A,156.826,163.2610089
C6A,168.2875,180.9065945
C6A,132.4675,139.8411
C6A,128.204,154.4560257
C6A,148.736,160.3135892
Chile_335,189.1245,169.6356753
Chile_335,224.724,225.5320114
Chile_335,174.939,168.8105284
Chile_335,180.215,190.2961588
Chile_335,233.9555,251.9670985
Chile_335,185.722,179.7935164
CTS6 1,209.281,209.0543522
CTS6 1,205.8715,176.876412
CTS6 1,243.451,236.0608902
CTS6 1,201.5385,220.3141363
CTS6 1,215.7695,240.0522007
CTS6 1,225.342,239.3077472
Doce de Cuba,130.6155,136.131954
Doce de Cuba,195.003,229.6629596
Doce de Cuba,144.34,154.5314625
Doce de Cuba,262.391,291.1735442
Doce de Cuba,185.1255,193.9690848
Doce de Cuba,136.312,134.6541305
DF14,214.9485,244.5783756
DF14,286.5305,249.2912317
DF14,302.9785,302.1946425
DF14,280.6825,272.7690192
DF14,355.272,332.0534613
DF14,302.8975,305.8556159
FL32,74.01,74.8418948
FL32,102.341,93.11216803
FL32,89.742,80.33267288
FL32,89.0105,68.93158579
FL32,65.239,62.8472383
FL32,85.225,67.59812074
Golden_Evergreen,241.1595,253.1084752
Golden_Evergreen,229.806,213.2014368
Golden_Evergreen,238.419,239.4386411
Golden_Evergreen,257.0925,236.7195505
Golden_Evergreen,234.244,235.5376178
Golden_Evergreen,239.981,244.1378513
GSSS sh2,117.366,116.8274001
GSSS sh2,181.6995,173.7888997
GSSS sh2,134.8035,116.0879195
GSSS sh2,165.2895,164.799281
GSSS sh2,115.475,102.5536253
GSSS sh2,160.639,147.2282992
Hawaiian Sugar,154.1575,148.5824211
Hawaiian Sugar,157.847,193.7272647
Hawaiian Sugar,168.4375,185.8073834
Hawaiian Sugar,161.949,185.2329357
Hawaiian Sugar,108.9755,129.2732784
Hawaiian Sugar,162.65,169.1079909
HI_70,113.3875,133.4868837
HI_70,105.2125,114.3206818
HI_70,94.402,128.5839151
HI_70,98.3915,124.9304442
HI_70,88.025,98.43300352
HI_70,92.32,95.41319644
Howling Mob,269.355,219.7842374
Howling Mob,198.588,175.0852686
Howling Mob,228.569,212.663534
Howling Mob,168.8745,158.8572269
Howling Mob,213.308,215.7823736
Howling Mob,168.4555,141.1344039
I108-2-2-2-2-1-1-1,97.323,88.42036286
I108-2-2-2-2-1-1-1,71.744,78.50834504
I108-2-2-2-2-1-1-1,88.185,85.74957815
I108-2-2-2-2-1-1-1,73.4905,73.08863626
I108-2-2-2-2-1-1-1,83.378,85.97888645
I108-2-2-2-2-1-1-1,83.2765,78.37933999
I152-1-1-1-1-2-1-1,54.075,85.7612026
I152-1-1-1-1-2-1-1,98.1265,106.6748949
I152-1-1-1-1-2-1-1,98.5735,103.2824348
I152-1-1-1-1-2-1-1,84.583,90.8142848
I152-1-1-1-1-2-1-1,102.4575,100.7881665
I152-1-1-1-1-2-1-1,96.029,114.2529933
I31-1-1-1-2-1-1,85.37,101.4473052
I31-1-1-1-2-1-1,95.0045,110.0222966
I31-1-1-1-2-1-1,84.532,96.52655436
I31-1-1-1-2-1-1,94.845,104.9678909
I31-1-1-1-2-1-1,55.398,65.50991366
I31-1-1-1-2-1-1,74.591,72.9716544
I94 -1-1-1-1-1-1-1,108.145,107.4066016
I94 -1-1-1-1-1-1-1,106.176,115.489438
I94 -1-1-1-1-1-1-1,104.8325,103.1437465
I94 -1-1-1-1-1-1-1,105.544,122.7908783
I94 -1-1-1-1-1-1-1,101.603,112.543465
I94 -1-1-1-1-1-1-1,75.1145,87.15341236
Ia45 1,207.871,194.2973119
Ia45 1,189.1865,186.2232559
Ia45 1,223.9705,206.1783948
Ia45 1,185.123,176.771742
Ia45 1,194.8975,192.7033976
Ia45 1,180.152,176.0629147
Il318a,127.5615,147.7810074
Il318a,199.0255,184.7667643
Il318a,156.462,144.6804268
Il318a,107.0405,111.2434308
Il318a,161.926,166.0293002
Il318a,125.936,128.0638636
IL325a,118.7915,123.0443652
IL325a,184.424,206.5946852
IL325a,195.186,216.829145
IL325a,192.3995,212.7026217
IL325a,124.101,136.0502243
IL325a,197.859,214.3410995
Il354a,207.2265,242.1127581
Il354a,194.0105,225.9286869
Il354a,198.252,188.6406905
Il354a,170.204,180.5431557
Il354a,172.92,183.7303175
Il354a,121.976,113.7737034
IL368a,109.8365,132.1011628
IL368a,138,162.3910836
IL368a,115.4045,114.8420538
IL368a,120.451,119.1794919
IL368a,111.706,140.5991842
IL368a,104.471,118.316647
IL393a,80.355,82.63899991
IL393a,79.525,63.074068
IL393a,72.2805,74.6517261
IL393a,77.892,71.87193045
IL393a,88.82,81.81682862
IL393a,69.4515,71.18712613
IL430a,233.3425,210.979355
IL430a,259.513,228.5433205
IL430a,130.137,107.4590087
IL430a,208.07,197.0689552
IL430a,236.3445,211.9753687
IL430a,213.6895,192.7619681
Il451b,150.687,175.922101
Il451b,129.5735,124.7745611
Il451b,135.6425,151.4131106
Il451b,123.4525,145.8353357
Il451b,115.0095,121.659398
Il451b,120.0805,143.4381181
IL465a,130.4105,158.2517339
IL465a,164.3865,151.0178183
IL465a,131.757,126.1464901
IL465a,142.4415,142.994348
IL465a,123.2875,123.4285366
IL465a,95.3395,100.0933427
IL615a,172.1785,158.5013825
IL615a,120.9795,128.3767398
IL615a,98.3215,89.10057156
IL615a,145.614,140.9270184
IL615a,125.8075,117.8751492
IL615a,185.0185,179.3994317
IL676a,186.0515,205.8578183
IL676a,174.1575,157.2105555
IL676a,166.7185,155.6300393
IL676a,131.4515,133.8363138
IL676a,184.678,182.9355197
IL676a,195.591,205.7915075
Il7,96.062,100.9286441
Il7,86.859,107.0238389
Il7,74.3335,94.71064464
Il7,89.52,101.6362759
Il7,64.53,92.16643913
Il7,82.81,96.55961107
IL729a,184.588,174.4625689
IL729a,196.1395,174.6627462
IL729a,194.7355,183.4335381
IL729a,158.043,178.8407035
IL729a,163.4825,187.5880766
IL729a,195.5625,189.9596512
IL731a,179.86,180.9557093
IL731a,171.457,169.2283665
IL731a,160.8115,166.5118971
IL731a,162.0365,179.13217
IL731a,172.545,170.282665
IL731a,145.433,148.2926814
IL733a,170.363,160.8334632
IL733a,161.8425,154.8693294
IL733a,150.1315,140.6697635
IL733a,171.005,144.9290467
IL733a,166.483,157.1362106
IL733a,159.936,179.6576113
IL747b,91.3345,96.92732375
IL747b,120.4215,130.7030656
IL747b,155.3305,154.4909293
IL747b,106.8115,94.64051092
IL747b,134.63,124.2134453
IL747b,103.218,109.9471209
IL766a,129.107,135.3042395
IL766a,129.8215,129.1212205
IL766a,168.73,183.6351864
IL766a,115.404,105.6282857
IL766a,140.6885,150.140622
IL766a,134.3475,147.9140214
IL778d,131.2715,119.3702165
IL778d,133.3915,140.6659541
IL778d,131.639,123.969306
IL778d,84.3265,90.80506137
IL778d,143.9895,148.2409895
IL778d,120.811,124.8265032
IL796a,177.778,181.8123385
IL796a,158.562,162.4058203
IL796a,81.9615,90.74687608
IL796a,146.2955,153.6036432
IL796a,147.049,159.7058131
IL796a,114.3535,139.7142463
ILB6011,175.9035,186.9171517
ILB6011,191.4365,203.9210319
ILB6011,192.625,199.5065157
ILB6011,159.4485,180.4359808
ILB6011,207.739,234.6895258
ILB6011,212.8025,240.1788515
Ill101Q,209.19,219.7032474
Ill101Q,212.7585,208.2202053
Ill101Q,294.2135,283.0941628
Ill101Q,204.599,179.2397056
Ill101Q,169.7445,131.2867208
Ill101Q,141.84,133.4383812
Jubileeex9017,152.9615,152.9740675
Jubileeex9017,120.472,107.2924773
Jubileeex9017,143.6005,125.7936986
Jubileeex9017,161.412,148.4862659
Jubileeex9017,217.9445,232.4857967
Jubileeex9017,228.57,224.3997334
K105-1-1-2-1-1,137.6505,124.7238632
K105-1-1-2-1-1,128.3025,121.6261142
K105-1-1-2-1-1,140.5045,145.0799462
K105-1-1-2-1-1,95.158,71.7271302
K105-1-1-2-1-1,150.085,130.8719235
K105-1-1-2-1-1,131.073,123.994919
K1-1-1-1-1-1-2-1-1-1,116.1045,103.5074133
K1-1-1-1-1-1-2-1-1-1,85.622,70.94637096
K1-1-1-1-1-1-2-1-1-1,117.4855,113.7025037
K1-1-1-1-1-1-2-1-1-1,116.139,119.3734042
K1-1-1-1-1-1-2-1-1-1,103.264,109.881281
K1-1-1-1-1-1-2-1-1-1,100.5335,108.2252855
K120-1-1-1-1-1-2-1,128.6155,132.1197935
K120-1-1-1-1-1-2-1,123.631,110.7113128
K120-1-1-1-1-1-2-1,127.691,111.8698819
K120-1-1-1-1-1-2-1,140.691,137.9663902
K120-1-1-1-1-1-2-1,134.741,110.3041909
K120-1-1-1-1-1-2-1,139.5805,149.2303594
K52-2-1-1-1-1,141.519,145.8128825
K52-2-1-1-1-1,100.1395,114.3629273
K52-2-1-1-1-1,134.0015,151.8424258
K52-2-1-1-1-1,118.858,122.0977634
K52-2-1-1-1-1,103.896,135.8754916
K52-2-1-1-1-1,82.4175,99.05651925
L125-1-1-1,122.874,128.5275225
L125-1-1-1,92.437,101.9378831
L125-1-1-1,108.359,105.1009709
L125-1-1-1,100.4445,97.73318735
L125-1-1-1,107.389,102.4584151
L125-1-1-1,91.264,99.11844142
M31-1-1-1-1-1-1,136.3305,129.7180822
M31-1-1-1-1-1-1,136.4445,127.1438452
M31-1-1-1-1-1-1,117.58,110.9211934
M31-1-1-1-1-1-1,131.056,129.4025415
M31-1-1-1-1-1-1,112.773,122.8893092
M31-1-1-1-1-1-1,127.197,126.8349116
M90-1-1-1-2-2-1-1,95.5785,98.42467659
M90-1-1-1-2-2-1-1,96.8725,99.28040478
M90-1-1-1-2-2-1-1,103.057,94.44106129
M90-1-1-1-2-2-1-1,79.06,69.69910899
M90-1-1-1-2-2-1-1,93.245,106.7362098
M90-1-1-1-2-2-1-1,93.977,86.56229251
Ma83608,215.253,220.6786803
Ma83608,247.3535,260.8970185
Ma83608,131.7425,149.3260355
Ma83608,208.5375,213.8456995
Ma83608,222.14,231.5999777
Ma83608,252.1215,262.9042565
Maiz_Amarilla_Evergreen,172.4015,160.7610396
Maiz_Amarilla_Evergreen,164.4915,167.1191335
Maiz_Amarilla_Evergreen,209.092,176.0228912
Maiz_Amarilla_Evergreen,187.593,199.0519322
Maiz_Amarilla_Evergreen,253.4615,228.0829863
Maiz_Amarilla_Evergreen,251.2035,255.9140764
MDM_1,184.7805,198.6113415
MDM_1,172.6845,195.498344
MDM_1,187.9045,199.999548
MDM_1,188.4305,87.61798312
MDM_1,187.0215,71.68262317
MDM_1,181.4095,142.5269201
MDM_20,218.2235,201.7743468
MDM_20,203.6135,205.0347304
MDM_20,209.628,202.3044891
MDM_20,205.3715,209.5087516
MDM_20,199.9535,220.1303229
MDM_20,195.249,180.6757894
Me1,138.9665,138.0116216
Me1,145.132,136.7783167
Me1,140.4015,145.1770801
Me1,196.103,197.1107708
Me1,121.471,134.5027512
Me1,132.2625,139.0203604
Me121_wb,127.5585,130.561924
Me121_wb,134.576,139.2516119
Me121_wb,131.5235,145.7791632
Me121_wb,140.33,143.0999852
Me121_wb,151.1865,145.9057998
Me121_wb,163.391,144.9322454
Mexican_Dent_sh2,173.3575,203.520567
Mexican_Dent_sh2,144.7935,155.6265401
Mexican_Dent_sh2,118.2135,131.2034418
Mexican_Dent_sh2,143.289,134.9358555
Mexican_Dent_sh2,130.2105,146.8574498
Mexican_Dent_sh2,155.56,143.7697682
Mo17 su/su,256.7365,225.8311753
Mo17 su/su,216.4965,184.127088
Mo17 su/su,264.168,235.6281004
Mo17 su/su,195.7205,194.3078397
Mo17 su/su,257.191,269.4497587
Mo17 su/su,280.251,244.8549865
MR10,203.8435,188.7416936
MR10,199.3995,200.6584169
MR10,192.154,200.3533281
MR10,200.826,198.0132313
MR10,168.6265,168.6143962
MR10,250.914,231.471114
MR14,157.977,126.8386834
MR14,171.0985,165.6030514
MR14,171.5185,125.2662003
MR14,269.9775,267.14559
MR14,270.365,255.8137369
MR14,230.2005,216.8006807
N12A-1,58.1435,75.50172642
N12A-1,56.6605,69.22742544
N12A-1,45.6845,60.93303494
N12A-1,63.046,68.08656258
N12A-1,64.476,76.12322075
N12A-1,58.264,63.75158291
N45A-1,50.4185,51.12143638
N45A-1,47.318,57.26134444
N45A-1,47.9085,55.8162156
N45A-1,90.995,79.46433051
N45A-1,77.1155,75.70016806
N45A-1,92.2225,88.88723296
N72A-1,53.8415,61.18909052
N72A-1,89.179,95.36631925
N72A-1,86.452,86.71285227
N72A-1,79.328,85.60571403
N72A-1,50.5875,50.32553558
N72A-1,79.9955,70.88250171
N7C-1,57.7715,61.76853607
N7C-1,69.5025,79.86397422
N7C-1,43.7985,59.04160659
N7C-1,65.4055,69.76214413
N7C-1,45.5805,56.81849578
N7C-1,50.938,56.12619872
Narino_430,214.309,233.4163716
Narino_430,232.134,245.1707451
Narino_430,203.1585,225.3795986
NE_HY_13A,245.2495,239.6396618
NE_HY_13A,192.123,177.3710926
NE_HY_13A,144.3885,166.2990343
NE_HY_13A,222.249,214.0836955
NE_HY_13A,199.083,211.6152618
NE_HY_13A,176.5755,172.9242234
NJ618,141.4185,136.1287276
NJ618,115.0605,100.1223908
NJ618,132.75,123.5403093
NJ618,141.113,139.7338299
NJ618,141.5825,150.8890382
NJ618,158.6565,145.6965576
North_Dakota_Yellow_Sweet_Bulk,250.2155,241.4578436
North_Dakota_Yellow_Sweet_Bulk,247.499,221.6152994
North_Dakota_Yellow_Sweet_Bulk,265.4035,269.1535463
North_Dakota_Yellow_Sweet_Bulk,224.9155,191.918677
North_Dakota_Yellow_Sweet_Bulk,252.612,202.440459
North_Dakota_Yellow_Sweet_Bulk,213.692,191.5428834
Oh43_su,157.5645,192.9838003
Oh43_su,144.87,147.0548658
Oh43_su,142.086,144.7668194
Oh43_su,90.644,110.3244262
Oh43_su,145.9995,151.0536513
Oh43_su,160.153,187.2916583
Oregon_Evergreen_2,262.971,246.2871941
Oregon_Evergreen_2,176.9735,151.3099465
Oregon_Evergreen_2,239.7975,233.4691584
Oregon_Evergreen_2,277.447,246.3445741
Oregon_Evergreen_2,239.9745,233.8139885
Oregon_Evergreen_2,254.5015,239.7559416
P39,168.838,151.715551
P39,151.5395,133.1664555
P39,145.819,141.6008294
P39,150.8295,161.0488794
P39,182.0325,158.5453732
P39,168.249,154.3209469
P39_10_226,187.012,176.3338648
P39_10_226,249.0335,235.1801831
P39_10_226,228.0555,204.2840367
P39_10_226,160.4315,173.6257242
P39_10_226,255.633,248.8896984
P39_10_226,177.9265,182.0574128
R839,77.349,79.94775077
R839,111.3015,99.87995576
R839,110.3255,114.979916
R839,115.9095,116.1623912
R839,106.235,107.1858196
R839,100.797,94.21625754
Ranniaya_Zolotaya_401,248.329,252.4489945
Ranniaya_Zolotaya_401,273.362,240.038953
Ranniaya_Zolotaya_401,261.546,253.7597068
Ranniaya_Zolotaya_401,243.8615,223.5847507
Ranniaya_Zolotaya_401,266.619,254.0721136
Ranniaya_Zolotaya_401,255.636,234.1286382
Raza_Maiz_Dulce,219.843,228.9157666
Raza_Maiz_Dulce,235.6245,225.2349825
Raza_Maiz_Dulce,264.7405,249.5000713
Raza_Maiz_Dulce,146.324,170.2433437
Raza_Maiz_Dulce,189.9635,167.9979933
Raza_Maiz_Dulce,148.486,157.5748966
Rhode_Island_Sweet,215.3605,198.5987439
Rhode_Island_Sweet,183.031,184.3181226
Rhode_Island_Sweet,243.7235,240.1265417
Rhode_Island_Sweet,226.07,242.3593333
Rhode_Island_Sweet,254.2765,242.7460001
Rhode_Island_Sweet,230.0015,223.230481
SC1441,99.3225,93.44727306
SC1441,98.082,96.72504271
SC1441,96.908,87.01752389
SC1441,92.214,93.70996922
SC1441,110.566,110.8719958
SC1441,97.72,100.0758194
SC6069,136.4425,142.5220911
SC6069,104.621,111.1232756
SC6069,94.859,106.1559829
SC6069,127.8675,136.0673817
SC6069,83.6475,99.54449903
SC6069,115.1505,143.6525077
SD176,296.422,282.8576096
SD176,198.2095,200.1710423
SD176,262.7035,261.6894185
SD176,189.9195,208.6111382
SD176,280.88,257.8049085
SD176,180.9315,170.9990306
SD226,158.793,176.0365866
SD226,187.933,207.1774732
SD226,164.948,160.4384196
SD226,270.22,290.3564341
SD226,129.4385,153.7994071
SD226,133.124,150.0406642
SD277,198.88,211.3514603
SD277,146.0865,172.2582086
SD277,197.197,201.2485005
SD277,138.933,147.3079876
SD277,209.813,216.9675817
SD277,157.1745,152.5023573
SD883,122.1875,137.5081563
SD883,129.859,131.5326889
SD883,180.903,182.8131159
SD883,130.4885,139.1236438
SD883,153.104,181.5966482
SD883,156.777,186.5757139
Sel._from_231227,173.2535,167.9295863
Sel._from_231227,266.9975,252.9692885
Sel._from_231227,165.6385,153.9132903
Sel._from_231227,157.404,146.0716837
Sel._from_231227,200.584,177.1216967
Sel._from_231227,130.8485,121.5459358
Sep._from_177604,121.745,126.2170444
Sep._from_177604,90.2875,98.57472294
Sep._from_177604,120.0785,117.459659
Sep._from_177604,121.073,117.786023
Sep._from_177604,115.7425,118.3453002
Sep._from_177604,99.0805,113.4220025
Sep._from_204812,172.091,171.3290912
Sep._from_204812,167.1545,162.8986414
Sep._from_204812,206.6645,212.2423212
Sep._from_204812,164.579,176.1712846
Sep._from_204812,129.71,134.6669633
Sep._from_204812,174.692,183.1482804
Silver_#9,136.72,144.6220379
Silver_#9,125.603,151.2010309
Silver_#9,131.4715,139.0428383
Silver_#9,81.228,110.431573
Silver_#9,111.303,132.0850864
Silver_#9,103.6,130.0376403
Slatka_Pukanka,218.371,250.7421785
Slatka_Pukanka,256.95,250.8462517
Slatka_Pukanka,236.436,259.3464551
Slatka_Pukanka,210.723,172.8891525
Slatka_Pukanka,219.522,197.3803758
Slatka_Pukanka,217.5405,216.5149162
Sonora_57,194.7985,207.457867
Sonora_57,205.8885,190.076089
Sonora_57,196.572,184.1284099
Sonora_57,199.0165,204.5274846
Sonora_57,167.419,171.5049858
Sonora_57,237.289,242.4489945
Stowels_Evergreen,187.9375,195.7854643
Stowels_Evergreen,226.972,243.4383898
Stowels_Evergreen,164.221,175.9076215
Stowels_Evergreen,166.6815,174.5342337
Stowels_Evergreen,158.823,176.8687431
Stowels_Evergreen,212.698,191.5265952
STRAIN_304A-408-68B,195.196,197.1464885
STRAIN_304A-408-68B,115.6075,119.3090637
STRAIN_304A-408-68B,147.436,138.5332206
STRAIN_304A-408-68B,130.97,145.9354027
STRAIN_304A-408-68B,135.444,132.0786889
STRAIN_304A-408-68B,124.21,163.663244
STRAIN_675A-415-68B,248.517,234.0276878
STRAIN_675A-415-68B,308.4725,285.6662949
STRAIN_675A-415-68B,255.8275,258.4186012
STRAIN_675A-415-68B,272.96,243.162
STRAIN_675A-415-68B,270.908,246.7323246
STRAIN_675A-415-68B,203.2705,212.5134045
T625,218.652,212.6311638
T625,232.081,219.7354801
T625,264.2715,275.5104708
T625,267.9905,266.2038196
T625,207.999,199.1128005
T625,288.975,263.1389779
Tawaktci,161.8415,157.2284106
Tawaktci,166.458,151.7045733
Tawaktci,96.5475,112.2110215
Tawaktci,138.1465,142.2147228
Tawaktci,109.1745,117.2404723
Tawaktci,185.6215,164.6093414
V775,101.537,121.5287945
V775,87.617,90.66839163
V775,90.6895,99.67563709
V775,78.9145,95.36257516
V775,101.058,120.984222
V775,114.5915,121.6965294
VIA5492,138.037,137.7925203
VIA5492,136.9135,130.3338969
VIA5492,148.019,156.0393336
VIA5492,147.4175,154.8026527
VIA5492,144.6995,154.5614198
VIA5492,148.1135,149.1441652
VIII/221,264.893,275.1411291
VIII/221,297.9915,316.0281858
VIII/221,308.705,310.680142
VIII/221,294.0565,306.8459742
VIII/221,275.436,254.3807134
VIII/221,291.597,315.6113371
W6720_1,176.838,166.9870623
W6720_1,218.0955,170.0803334
W6720_1,183.3585,162.7738228
W6720_1,185.1865,172.8458169
W6720_1,180.0795,157.8316035
W6720_1,149.9795,145.419616
W6786,209.0395,198.2571413
W6786,214.987,228.0478792
W6786,220.1345,202.8732211
W6786,207.0565,219.3594316
W6786,196.4995,214.0666198
W6786,197.677,216.4179624
W822Gse,68.6345,60.35321989
W822Gse,50.3825,43.75520814
W822Gse,68.417,48.39239138
W822Gse,74.301,66.21508524
W822Gse,65.3675,58.86696476
W822Gse,61.8355,57.80632075
We02404,155.757,164.0364341
We02404,174.098,172.3648134
We02404,124.0825,129.4062168
We02404,114.9995,107.2019668
We02404,141.9305,154.4797934
We02404,127.9505,120.1547123
We04401,187.251,175.5217124
We04401,145.3645,149.3552333
We04401,175.4035,172.2564411
We04401,105.159,99.61772546
We04401,157.8725,152.1024919
We04401,147.601,149.5131476
we04806,131.575,128.9529257
we04806,225.845,219.421241
we04806,131.867,116.3812764
we04806,100.0185,113.6458124
we04806,73.815,87.85910083
we04806,75.668,82.92034447
we04819,148.1945,156.9398265
we04819,143.7215,138.7934168
we04819,56.2075,76.95229242
we04819,125.3845,139.999256
we04819,143.7985,132.8226977
we04819,111.407,126.6626371
we05407,80.847,80.10765648
we05407,89.113,102.6002391
we05407,37.336,47.2722459
we05407,89.3485,94.05148196
we05407,109.5685,117.8653779
we05407,39.038,47.63445457
we05410,179.698,182.7436637
we05410,192.6345,155.8590896
we05410,218.46,200.8302317
we05410,188.6405,188.1702744
we05410,186.9555,171.3846823
we05410,158.6265,154.9589328
we08405,196.705,178.102987
we08405,220.8725,199.2888179
we08405,173.107,182.4357486
we08405,212.1375,204.3732581
we08405,191.965,168.1921062
we08405,173.2535,168.7487123
we08408,214.739,208.9681736
we08408,238.047,245.6777252
we08408,201.5455,195.4183979
we08408,247.021,219.5361677
we08408,203.595,201.9904368
we08408,206.042,176.4207754
we08414a,161.9425,170.1665737
we08414a,110.66,110.2729182
we08414a,167.867,183.6950131
we08414a,129.8055,113.1538435
we08414a,143.299,148.7494646
we08414a,178.3115,175.6128178
we08417a,170.5675,161.209745
we08417a,155.042,139.8026806
we08417a,142.4535,149.2573761
we08417a,185.622,202.0839228
we08417a,234.1765,209.8382166
we08417a,157.0375,162.6489317
we09402,135.813,134.6329537
we09402,177.2025,182.7594163
we09402,97.584,118.4202353
we09402,76.664,88.07863763
we09402,112.006,115.388482
we09402,90.2195,110.5529449
we1095407-2,175.776,192.9537087
we1095407-2,158.8465,164.502877
we1095407-2,143.3665,153.483826
we1095407-2,132.348,139.1532877
we1095407-2,144.3525,166.2300286
we1095407-2,125.384,120.6642652
we11405,287.215,272.7284319
we11405,251.6895,242.3138988
we11405,221.872,212.3539719
we11405,166.0805,153.9302942
we11405,151.621,152.6204371
we11405,180.604,161.8124809
we11416,124.0335,131.1902318
we11416,170.201,174.5342103
we11416,132.3685,138.279952
we11416,118.852,122.148705
we11416,114.1705,111.6037846
we11416,89.8385,102.4030925
We17421,119.002,111.5022878
We17421,135.9925,138.0456339
We17421,130.663,112.4018905
We17421,134.104,145.0638375
We17421,126.306,119.4708043
We17421,132.9195,131.9869819
wh03031,107.15,98.37712798
wh03031,117.323,97.8036314
wh03031,104.8835,101.4022146
wh03031,114.027,111.3721288
wh03031,80.0785,78.93752033
wh03031,85.647,104.6701317
wh07165R,72.1545,83.41502305
wh07165R,63.8815,53.84258215
wh07165R,72.2435,63.91435854
wh07165R,105.4015,115.0147682
wh07165R,70.9065,63.29137588
wh07165R,96.9115,82.66025052
wh07166R,107.718,104.8394914
wh07166R,51.1955,41.85330485
wh07166R,94.519,83.02241525
wh07166R,60.734,60.99900241
wh07166R,49.8945,42.38255213
wh07166R,55.264,59.76323301
wh08022,119.8715,114.5679569
wh08022,97.3605,85.85002072
wh08022,68.103,77.37933667
wh08022,94.0975,88.35477101
wh08022,91.5815,84.23596895
wh08022,92.783,91.92246085
wh08045,81.54,104.5362659
wh08045,75.4815,96.75244084
wh08045,86.159,101.1745175
wh08045,92.137,102.6705325
wh08045,87.479,96.06689854
wh08045,75.3995,90.57737598
wh09061,97.5065,104.5379238
wh09061,91.817,101.4532001
wh09061,85.1285,110.1923904
wh09061,92.479,105.0155885
wh09061,89.2785,114.1448034
wh09061,84.547,97.79820901
wh09086,120.081,86.82306632
wh09086,122.168,134.9201922
wh09086,109.4075,121.4044597
wh09086,123.794,121.463007
wh09086,124.7665,119.3682963
wh09086,130.9885,141.6181552
wh09141R,89.072,90.07762474
wh09141R,68.1025,78.52950209
wh09141R,95.829,102.7278343
wh09141R,90.3605,89.6987481
wh09141R,84.917,91.37998715
wh09141R,78.383,77.24902935
wh10034R,100.1925,121.9418535
wh10034R,99.7465,109.9779835
wh10034R,111.958,120.7047147
wh10034R,113.261,101.5553992
wh10034R,103.3835,114.5058715
wh10034R,101.9995,109.1312942
wh10067R,104.4845,101.7837984
wh10067R,100.6975,83.28531217
wh10067R,101.92,88.37298905
wh10067R,128.3295,112.7235301
wh10067R,94.308,76.74629739
wh10067R,89.381,81.39853345
wh10163,97.758,91.83564392
wh10163,78.068,97.59013583
wh10163,99.1565,112.8861877
wh10163,57.852,71.93236731
wh10163,87.842,100.8166563
wh10163,75.137,91.60707406
wh11005,106.875,136.5454898
wh11005,118.97,154.4605272
wh11005,85.505,113.4945946
wh11005,119.405,171.6397727
wh11005,102.9435,136.8078425
wh11005,96.468,121.4228888
wh12001,141.9515,147.7408511
wh12001,143.646,136.2264966
wh12001,144.576,124.6147963
wh12001,148.093,151.0318868
wh12001,143.941,113.6677607
wh12001,140.008,132.994788
wh13041,95.442,97.36643313
wh13041,133.8745,132.3512604
wh13041,128.2985,127.9842076
wh13041,128.4985,123.6051468
wh13041,113.244,98.49774875
wh13041,130.2605,132.3380871
wh13074A,153.3675,146.2179707
wh13074A,132.602,117.9409134
wh13074A,131.016,124.0499285
wh13074A,137.4005,112.8352444
wh13074A,137.035,118.1008236
wh13074A,128.6245,135.8338501
Wh93016,74.308,87.05557646
Wh93016,91.6575,110.799732
Wh93016,87.5605,107.795686
Wh93016,82.4115,92.22490514
Wh93016,75.808,96.01855289
Wh93016,59.41,70.58294307
wuh07186i,110.501,122.3924687
wuh07186i,101.11,121.7082391
wuh07186i,110.913,124.0141132
wuh07186i,114.3335,119.7506909
wuh07186i,111.905,125.044969
wuh07186i,104.496,116.5813171
wuh07428i,76.157,85.24118217
wuh07428i,70.7275,68.67446542
wuh07428i,59.2155,81.75821902
wuh07428i,66.1045,85.27391367
wuh07428i,84.16,89.95779908
wuh07428i,62.071,86.54733106
wuh07481i,121.449,120.4254175
wuh07481i,132.3575,116.4447543
wuh07481i,106.02,118.7361069
wuh07481i,124.2815,116.1975548
wuh07481i,134.987,138.2530528
wuh07481i,111.519,108.4060609
wuh09153i,81.5985,73.59635737
wuh09153i,61.7895,61.71876832
wuh09153i,51.561,53.15385675
wuh09153i,100.854,65.70057593
wuh09153i,88.538,83.6501059
wuh09153i,91.068,79.05779014
wuh11813i,103.5595,105.3029137
wuh11813i,139.313,137.7413896
wuh11813i,115.896,112.9910337
wuh11813i,144.6755,136.2398489
wuh11813i,123.6395,119.7049938
wuh11813i,168.6005,150.9862109
wuh12037i,78.1665,75.70018511
wuh12037i,88.037,96.78568258
wuh12037i,92.158,97.98997778
wuh12037i,69.107,68.67928269
wuh12037i,83.4485,89.91244323
wuh12037i,86.182,87.30931828
AS5(X)C2,439.2725,442.4081901
AS5(X)C2,409.2785,333.481442
AS5(X)C2,316.908,315.5390069
AS5(X)C2,359.149,358.6853531
AS5(X)C2,278.5885,300.5033279
AS5(X)C2,328.09,347.2698596
DK888(C0),334.1585,353.7810808
DK888(C0),378.8725,356.082344
DK888(C0),367.519,377.917984
DK888(C0),470.656,444.8501931
DK888(C0),415.1225,390.3993878
DK888(C0),415.115,382.1352712
B830(C0),334.9825,272.6109677
B830(C0),455.4075,451.2123803
B830(C0),295.8125,323.1029103
B830(C0),306.6865,320.8925347
B830(C0),327.007,313.8843484
B830(C0),384.079,388.5571105
B844(C0),358.558,327.1592051
B844(C0),465.684,438.711781
B844(C0),368.091,327.1935348
B844(C0),412.4255,260.2153047
B844(C0),339.822,281.8124955
B844(C0),407.21,334.925176
B68HTN,418.5855,442.2628331
B68HTN,332.789,349.6417684
B68HTN,348.2485,374.256326
B68HTN,262.2955,280.6114468
B68HTN,327.5075,344.4342967
B68HTN,305.5675,298.3789123
Pa91HT2,293.6215,265.9227058
Pa91HT2,271.173,285.5046851
Pa91HT2,271.5845,285.8892346
Pa91HT2,306.2755,317.9834139
Pa91HT2,288.1505,306.4697478
Pa91HT2,279.4475,278.770648
Pa91HT3,266.8245,301.3492718
Pa91HT3,309.1385,246.5315806
Pa91HT3,305.1535,306.2621135
Pa91HT3,211.48,232.6873273
Pa91HT3,237.006,244.6541683
Pa91HT3,291.7795,298.9706678
Mo312ae,251.097,235.3895256
Mo312ae,223.919,233.3211587
Mo312ae,229.014,237.5255729
Mo312ae,280.9125,288.8313271
Mo312ae,251.3215,246.935952
Mo312ae,235.863,239.2118112
Mo313ae,208.345,216.5327535
Mo313ae,215.124,211.6836325
Mo313ae,221.925,250.9422142
Mo313ae,202.399,189.1178039
Mo313ae,186.9505,191.5097274
Mo313ae,158.3365,172.3932583
ARIZONA 135,340.086,379.9163109
ARIZONA 135,484.5145,351.2959421
ARIZONA 135,309.671,331.8725024
ARIZONA 135,380.8425,323.3277575
ARIZONA 135,471.9,410.8674368
ARIZONA 135,319.8615,303.7903527
A328NW,211.157,221.6521968
A328NW,208.68,242.1302603
A328NW,192.142,187.0091682
A328NW,169.3115,186.7239706
A328NW,197.4535,177.6113651
A328NW,134.2655,148.1459621
A509N,253.862,248.8687151
A509N,191.378,235.2132088
A509N,211.6575,206.060576
A509N,215.491,226.3121884
A509N,214.5145,237.1774156
A509N,186.627,196.4532756
Antioquia 346,390.3135,412.45329
Antioquia 346,371.2765,414.7198009
Antioquia 346,301.4445,336.6138106
Antioquia 346,413.3025,409.2336955
Antioquia 346,388.174,384.3354878
Antioquia 346,503.465,478.222003
Bolivar 375,489.5195,499.4327179
Bolivar 375,456.8485,459.0964664
Bolivar 375,210.019,238.8473788
Bolivar 375,382.241,400.354925
Bolivar 375,253.831,292.3657531
Bolivar 375,367.9835,397.702656
Boyaca 442,357.0495,272.1630314
Boyaca 442,414.676,326.4854111
Boyaca 442,429.044,422.1849925
Boyaca 442,373.192,334.4080931
Boyaca 442,469.24,394.4457191
Boyaca 442,499.3885,448.9794808
Magdalena 476,424.62,349.2079301
Magdalena 476,293.3545,296.4377905
Magdalena 476,305.728,272.999289
Magdalena 476,260.2645,254.9888417
Magdalena 476,241.541,259.4336738
Magdalena 476,282.173,276.2535432
Chihuahua 158,506.9785,385.0585633
Chihuahua 158,405.3505,313.3009247
Chihuahua 158,436.93,383.8391681
Chihuahua 158,337.7975,281.7687834
Chihuahua 158,417.822,375.7756324
Chihuahua 158,462.18,412.5446598
Durango 145,419.123,407.8075354
Durango 145,319.242,304.2992227
Durango 145,466.414,416.6906624
Durango 145,470.6825,465.1387208
Durango 145,428.42,408.8583602
Durango 145,611.061,560.0420478
Durango 169,384.2475,343.2363654
Durango 169,398.8555,323.5769334
Durango 169,471.1575,366.639739
Durango 169,437.621,420.2703622
Durango 169,438.5275,361.9042768
Durango 169,375.815,351.9614685
ARZM 01 119,468.456,423.4814076
ARZM 01 119,343.625,360.3325927
ARZM 01 119,424.3695,390.4734849
ARZM 01 119,309.5395,307.995058
ARZM 01 119,315.528,342.7736381
ARZM 01 119,326.7975,308.3116486
ZFA 3189,327.0095,332.1809522
ZFA 3189,312.9065,316.2036987
ZFA 3189,482.34,368.7770522
ZFA 3189,395.7335,423.0093461
ZFA 3189,504.389,428.8831112
ZFA 3189,458.3895,416.7700948
NIO-Gbeni,351.505,325.8610054
NIO-Gbeni,356.0295,336.8321046
NIO-Gbeni,309.871,339.9371576
NIO-Gbeni,377.8465,398.7011905
NIO-Gbeni,393.3245,381.565346
NIO-Gbeni,391.808,360.6567605
Yucatan Tipica,480.0615,464.2855748
Yucatan Tipica,515.8005,501.5772749
Yucatan Tipica,465.1265,416.4472362
Yucatan Tipica,364.024,386.5808115
Yucatan Tipica,338.517,348.2589336
Yucatan Tipica,509.8135,429.8827096
Ancash 355,502.6985,449.2069698
Ancash 355,318.7635,230.3465716
Ancash 355,324.468,317.8752111
Ancash 355,337.97,360.165822
Ancash 355,424.1525,419.762624
Ancash 355,311.7325,290.3171824
PUERTO RICO OHIOS9(R)C0,286.4715,314.1139245
PUERTO RICO OHIOS9(R)C0,322.1885,322.6076483
PUERTO RICO OHIOS9(R)C0,262.8935,288.7946795
PUERTO RICO OHIOS9(R)C0,330.5165,335.8286506
PUERTO RICO OHIOS9(R)C0,328.685,359.6121099
PUERTO RICO OHIOS9(R)C0,224.333,259.4260103
SA Photoperiod Insensitive Composite II,448.634,410.1321291
SA Photoperiod Insensitive Composite II,417.825,440.3478287
SA Photoperiod Insensitive Composite II,326.148,313.377106
SA Photoperiod Insensitive Composite II,456.503,408.753501
SA Photoperiod Insensitive Composite II,466.4285,424.7047713
SA Photoperiod Insensitive Composite II,530.4855,447.1157995
Mp704,200.029,200.8677221
Mp704,262.2455,289.7915553
Mp704,202.533,216.7952768
Mp704,218.834,236.8321655
Mp704,193.8165,229.2858812
Mp704,201.032,243.0001859
BS26,407.944,317.6806924
BS26,336.044,311.3116548
BS26,380.298,416.8359533
BS26,317.154,299.4837791
BS26,379.489,343.4944485
BS26,346.448,364.2506094
RSSSCC(6),413.2805,383.0599305
RSSSCC(6),282.3505,285.9248076
RSSSCC(6),472.958,432.6110192
RSSSCC(6),410.539,347.3689139
RSSSCC(6),316.842,328.0604243
RSSSCC(6),288.7945,270.7015501
TeoxNAM,205.4125,215.26037
TeoxNAM,209.79,219.5400381
TeoxNAM,212.761,216.8165226
TeoxNAM,319.224,329.0912002
TeoxNAM,188.1525,196.6549085
TeoxNAM,203.5165,216.5013046
TeoxNAM,234.575,265.1439114
TeoxNAM,213.5115,222.608176
TeoxNAM,297.2905,341.1503056
TeoxNAM,177.9905,205.436015
TeoxNAM,254.3405,280.0387437
TeoxNAM,204.981,196.4810326
TeoxNAM,239.427,250.2583606
TeoxNAM,222.261,228.5453741
TeoxNAM,249.7295,243.6998347
TeoxNAM,175.1055,236.9249727
TeoxNAM,264.413,277.2691578
TeoxNAM,263.972,275.4786082
TeoxNAM,279.05,197.4052987
TeoxNAM,192.736,185.9695692
TeoxNAM,188.6305,171.4357683
TeoxNAM,163.6065,211.7101976
TeoxNAM,283.4435,261.123822
TeoxNAM,210.0915,217.5745777
TeoxNAM,237.016,231.8703506
TeoxNAM,250.028,280.6087492
TeoxNAM,190.64,212.8691739
TeoxNAM,169.677,170.9168928
TeoxNAM,212.569,215.759156
TeoxNAM,204.157,207.9887414
TeoxNAM,247.4625,250.6959122
TeoxNAM,205.669,189.4094345
TeoxNAM,200.1715,209.527083
TeoxNAM,253.9155,267.9438896
TeoxNAM,182.897,190.5024808
TeoxNAM,169.185,161.1467452
TeoxNAM,220.095,231.9899707
TeoxNAM,234.9805,240.4912567
TeoxNAM,181.9,194.8643337
TeoxNAM,171.075,146.5599849
TeoxNAM,231.5445,202.6374953
TeoxNAM,219.373,203.3596406
TeoxNAM,204.768,180.8827672
TeoxNAM,220.22,219.5442817
TeoxNAM,173.1845,192.6952098
TeoxNAM,247.2425,248.6961768
TeoxNAM,172.126,177.7974226
TeoxNAM,214.4055,234.0885833
TeoxNAM,200.07,211.6902494
TeoxNAM,149.8875,164.9314178
TeoxNAM,155.8705,172.7344945
TeoxNAM,175.738,176.6970038
TeoxNAM,230.643,203.196003
TeoxNAM,185.393,188.7927626
TeoxNAM,211.822,229.9183957
TeoxNAM,285.413,309.1356325
TeoxNAM,156.112,139.7871666
TeoxNAM,252.019,289.3090227
TeoxNAM,288.4015,269.0628505
TeoxNAM,135.501,156.6952838
TeoxNAM,160.7335,177.0929655
TeoxNAM,205.024,237.4148976
TeoxNAM,144.3325,155.4333029
TeoxNAM,253.1585,263.0155925
TeoxNAM,224.8275,204.3509408
TeoxNAM,214.3675,233.80442
TeoxNAM,191.762,221.3766842
TeoxNAM,117.0245,120.4277461
TeoxNAM,213.5565,210.9675469
TeoxNAM,207.3945,229.4898602
TeoxNAM,205.528,201.8826629
TeoxNAM,137.7545,129.0964301
TeoxNAM,231.623,233.8521356
TeoxNAM,257.593,245.5947071
TeoxNAM,259.553,242.2088344
TeoxNAM,182.695,175.3187656
TeoxNAM,127.792,137.9462451
TeoxNAM,240.501,247.6499615
TeoxNAM,238.0435,223.3965378
TeoxNAM,233.8065,222.2109495
TeoxNAM,235.7225,267.8580903
TeoxNAM,260.076,260.0013491
TeoxNAM,227.206,232.5595414
TeoxNAM,205.761,221.6256473
TeoxNAM,353.5875,313.9395482
TeoxNAM,204.3,215.4866661
TeoxNAM,168.492,188.2611529
TeoxNAM,172.338,178.8478555
TeoxNAM,255.39,245.4904116
TeoxNAM,273.3565,277.2791176
TeoxNAM,207.059,191.8420487
TeoxNAM,195.627,216.0497793
TeoxNAM,273.6055,286.3758516
TeoxNAM,183.6005,195.0704873
TeoxNAM,142.462,147.3613902
TeoxNAM,195.2725,218.7044011
TeoxNAM,221.175,198.6828817
TeoxNAM,178.9355,182.0835842
TeoxNAM,186.1785,213.3425105
TeoxNAM,217.0025,242.6306304
TeoxNAM,170.387,189.7359556
TeoxNAM,106.071,97.07627285
TeoxNAM sugary,173.6955,165.4033223
TeoxNAM sugary,145.8535,130.0069536
TeoxNAM sugary,137.612,127.9248704
TeoxNAM sugary,196.3685,193.7495331
TeoxNAM sugary,195.053,170.3371413
TeoxNAM sugary,144.725,128.2520572
TeoxNAM sugary,206.113,194.1912936
TeoxNAM sugary,166.6045,154.9646095
TeoxNAM sugary,141.0905,143.5972868
TeoxNAM sugary,130.1655,126.8072281
TeoxNAM sugary,178.84,163.3148749
TeoxNAM sugary,124.541,145.773938
TeoxNAM sugary,140.185,135.1272535
TeoxNAM sugary,148.371,153.1401842
TeoxNAM sugary,179.609,197.8825908
TeoxNAM sugary,208.8565,203.3570785
TeoxNAM sugary,171.9925,162.2427277
TeoxNAM sugary,137.496,131.1765579
TeoxNAM sugary,109.2775,103.6328407
TeoxNAM sugary,130.4795,129.1296754
TeoxNAM sugary,158.7635,167.4214834
TeoxNAM sugary,76.3015,65.44379137
TeoxNAM sugary,157.2945,151.3684991
TeoxNAM sugary,156.3375,172.8143198
TeoxNAM sugary,137.224,133.8429573
TeoxNAM sugary,97.1325,119.1976409
TeoxNAM sugary,165.8045,159.1529089
TeoxNAM sugary,101.0325,119.7660584
TeoxNAM sugary,122.5345,139.5999575
TeoxNAM sugary,114.7925,128.3239836
TeoxNAM sugary,146.3665,152.1068223
TeoxNAM sugary,178.308,179.7742105
TeoxNAM sugary,88.7015,104.4414348
TeoxNAM sugary,134.9115,156.547369
2,140.354,162.734035
2,192.1355,219.4854911
2,126.5125,124.555985
2,177.1195,182.5250256
2,137.7445,134.6638384
2,204.674,223.6604572
245,136.193,147.4984652
245,187.156,193.9313175
245,104.4185,116.8621115
245,201.1965,197.0131476
245,120.1745,126.7139523
245,116.723,126.0286039
592,217.192,192.0888572
592,257.108,253.3999882
592,245.3175,242.945715
592,241.868,236.4396322
592,204.4785,197.1610933
592,238.3985,231.2109168
789,228.1945,213.9227642
789,218.78,196.0469961
789,266.701,249.0731292
789,235.264,258.065791
789,230.989,216.8948051
789,246.2985,245.7937002
883,138.1235,149.8596214
883,135.62,135.552772
883,135.673,147.1338632
883,153.3855,146.0401655
883,183.072,198.2843805
883,141.434,155.1428853
21-396-68B,208.16,213.5510339
21-396-68B,295.7365,291.3948011
21-396-68B,215.043,222.6225864
21-396-68B,304.1365,289.8698562
21-396-68B,316.189,306.9678042
21-396-68B,264.7595,234.6428378
471_U6,135.5985,130.7785181
471_U6,170.109,163.0262074
471_U6,160.645,167.2020306
471_U6,125.1235,125.9544913
471_U6,147.6905,147.6810782
471_U6,184.368,188.745914
83610b,101.774,117.8668199
83610b,160.1235,184.5714695
83610b,129.306,154.9603452
83610b,109.555,126.8766971
83610b,93.1395,110.7779606
83610b,114.679,119.887775
A684su,182.9215,174.6297041
A684su,246.3945,255.8852154
A684su,152.395,170.1457653
A684su,187.874,203.1990596
A684su,171.3945,174.2862037
A684su,205.8085,187.4904386
A685su,203.4715,225.9990233
A685su,214.148,226.9984413
A685su,178.198,190.2954416
A685su,158.6315,171.0348311
A685su,212.094,239.6039405
A685su,119.668,120.5241811
A7,145.355,145.0097015
A7,248.7225,226.4876534
A7,130.637,151.2460207
A7,174.927,189.0822224
A7,195.936,198.3888084
A7,194.05,196.3714397
Andjar_Bekaa,154.9035,178.9820808
Andjar_Bekaa,177.1535,181.6753366
Andjar_Bekaa,146.0965,154.3811715
Andjar_Bekaa,161.938,169.5979383
Andjar_Bekaa,164.799,164.2996725
Andjar_Bekaa,133.7205,157.3209193
ARZM_19_051,163.3235,161.9838043
ARZM_19_051,181.634,167.1781159
ARZM_19_051,159.6035,151.439357
ARZM_19_051,209.0935,221.9741491
ARZM_19_051,165.5915,161.686678
ARZM_19_051,151.936,151.77232
ARZM_21_009,173.41,156.9764427
ARZM_21_009,144.25,128.039363
ARZM_21_009,173.2455,162.2068676
ARZM_21_009,165.688,169.973069
ARZM_21_009,164.4285,152.5548857
ARZM_21_009,171.6635,149.9376207
ARZM_21_013,236.8465,218.9609129
ARZM_21_013,240.1485,201.1682091
ARZM_21_013,233.325,222.7707375
ARZM_21_013,232.251,213.5103351
ARZM_21_013,231.293,255.9967472
ARZM_21_013,260.373,249.5124307
Atkinson,356.5445,312.2031901
Atkinson,304.6605,248.3339683
Atkinson,358.4165,308.6609728
Atkinson,247.7265,252.5321426
Atkinson,350.9025,304.2202126
Atkinson,280.69,267.1950784
Aunt_Marys,280.109,253.1899861
Aunt_Marys,225.43,226.271443
Aunt_Marys,224.9265,219.7134556
Aunt_Marys,199.403,224.8438721
Aunt_Marys,238.3005,175.2218158
Aunt_Marys,186.649,178.8150065
C2,150.0145,164.7335036
C2,175.3545,200.2066398
C2,175.787,180.8967498
C2,173.666,191.8231916
C2,185.648,192.0266898
C2,181.577,189.6551682
C31,119.623,121.0747796
C31,126.928,150.2400093
C31,132.433,138.9002469
C31,131.3345,141.2961745
C31,128.5025,113.9444101
C31,148.3075,137.6579302
Chile_339,254.4725,227.5509286
Chile_339,248.472,233.694364
Chile_339,155.2885,138.8837217
Chile_339,267.8795,263.2205435
Chile_339,167.317,170.8935266
Chile_339,230.6415,214.6425459
COES_28A-1,73.236,81.48136418
COES_28A-1,67.1445,79.95392808
COES_28A-1,66.3875,75.57461736
COES_28A-1,56.8545,70.04505556
COES_28A-1,75.9725,98.92118942
COES_28A-1,55.311,57.44153688
COES_46A-1,150.604,153.0737962
COES_46A-1,94.705,92.61228266
COES_46A-1,122.15,144.9863823
COES_46A-1,120.987,136.5001665
COES_46A-1,82.4295,100.8790468
COES_46A-1,126.4355,146.5950916
Country_Gentleman,219.906,227.7249872
Country_Gentleman,189.2435,187.3871653
Country_Gentleman,199.8345,190.2113166
Country_Gentleman,255.787,297.4787243
Country_Gentleman,153.3665,156.4554742
Country_Gentleman,210.6935,213.7211589
CRC_61,209.8295,202.1757187
CRC_61,185.9505,182.2405132
CRC_61,219.4575,189.9932562
CRC_61,221.8155,195.0292747
CRC_61,227.3585,199.27883
CRC_61,252.1405,236.7833331
CTS6_1,222.9275,253.7194882
CTS6_1,190.2465,220.4393499
CTS6_1,229.5705,243.2242386
CTS6_1,229.7025,254.0226677
CTS6_1,282.513,282.983381
CTS6_1,251.6475,295.8368737
CTS62_Su,213.265,241.3743358
CTS62_Su,244.1255,281.0986301
CTS62_Su,272.3315,295.5134985
CTS62_Su,227.4415,209.11737
CTS62_Su,255.613,271.9168313
CTS62_Su,278.715,303.3703523
Cubano,174.362,206.9830746
Cubano,198.214,203.8388621
Cubano,197.751,209.3594226
Cubano,192.3585,215.2325591
Cubano,208.5625,237.7470696
Cubano,181.524,195.5624086
FL32,89.1905,96.18967356
FL32,95.4695,93.43431479
FL32,82.9025,83.40176449
FL32,91.7175,88.14959744
FL32,90.6305,90.12911636
FL32,89.6725,84.12265633
Glancaster_sh2,127.223,160.734424
Glancaster_sh2,110.146,116.0492465
Glancaster_sh2,149.126,149.7838068
Glancaster_sh2,120.973,115.1342158
Glancaster_sh2,164.541,169.0077366
Glancaster_sh2,152.9765,146.0803029
Golden_Gem,152.902,158.3384264
Golden_Gem,148.8895,139.5867314
Golden_Gem,185.9285,175.6044848
Golden_Gem,184.3155,170.0975712
Golden_Gem,173.098,174.7315902
Golden_Gem,195.4205,200.8253509
GSSS_sh2,160.687,144.5616527
GSSS_sh2,163.1805,159.8739257
GSSS_sh2,120.549,116.2924905
GSSS_sh2,128.927,136.0513101
GSSS_sh2,129.85,137.9031462
GSSS_sh2,117.73,132.0878955
Howling_Mob,234.395,212.744036
Howling_Mob,228.33,212.9715604
Howling_Mob,284.7895,281.903532
Howling_Mob,163.377,175.6616191
Howling_Mob,227.0395,212.2562109
Howling_Mob,184.1575,186.2613741
I108-2-2-2-2-1-1-1,85.2665,93.76044727
I108-2-2-2-2-1-1-1,97.076,112.7385687
I108-2-2-2-2-1-1-1,89.9675,87.61480783
I108-2-2-2-2-1-1-1,74.5355,65.90207832
I108-2-2-2-2-1-1-1,77.8155,64.04942945
I108-2-2-2-2-1-1-1,91.017,83.70806219
I31-1-1-1-2-1-1,94.336,95.76698196
I31-1-1-1-2-1-1,99.843,109.6082759
I31-1-1-1-2-1-1,102.865,89.01649645
I31-1-1-1-2-1-1,88.3205,94.47329397
I31-1-1-1-2-1-1,105.309,104.8320291
I31-1-1-1-2-1-1,98.6825,109.6463957
I9-1-1-1-1-1-1,61.0815,63.03377655
I9-1-1-1-1-1-1,60.1165,59.00715199
I9-1-1-1-1-1-1,52.9345,63.52254968
I9-1-1-1-1-1-1,50.9705,47.6168044
I9-1-1-1-1-1-1,54.8115,53.6549718
I9-1-1-1-1-1-1,60.6115,55.57772327
I97-1-1-1-1-1-1,114.253,122.4297492
I97-1-1-1-1-1-1,115.9925,117.2341907
I97-1-1-1-1-1-1,134.237,121.9813744
I97-1-1-1-1-1-1,92.1795,96.01105649
I97-1-1-1-1-1-1,103.576,90.68963022
I97-1-1-1-1-1-1,122.1715,104.623726
Ia2003,211.5475,186.930998
Ia2003,164.114,163.9035934
Ia2003,189.0635,204.0524873
Ia2003,217.1135,200.8687382
Ia2003,191.4435,204.9532814
Ia2003,179.607,175.1837579
Ia4189,174.51,183.87264
Ia4189,155.4945,136.8679785
Ia4189,188.642,204.1391449
Ia4189,178.7175,198.2633746
Ia4189,130.648,133.9150802
Ia4189,180.3365,189.3887129
Ia45_2,109.7595,112.1366701
Ia45_2,136.907,122.0502562
Ia45_2,133.184,121.3886078
Ia45_2,96.8515,101.1050878
Ia45_2,126.6965,126.068871
Ia45_2,114.319,89.74769446
Ia453_WT,180.954,187.0912951
Ia453_WT,156.72,134.7239783
Ia453_WT,153.0575,165.2907474
Ia453_WT,190.6765,170.4468755
Ia453_WT,203.7,184.9563517
Ia453_WT,205.7255,203.231821
IaEV3004,171.3415,161.9575423
IaEV3004,204.426,207.6215464
IaEV3004,204.693,204.3567381
IaEV3004,205.8075,187.779605
IaEV3004,140.5345,127.1953106
IaEV3004,177.1675,179.6212147
If853,93.1675,80.41865936
If853,104.4075,91.85053628
If853,84.1935,86.06816877
If853,93.774,99.67768891
If853,110.821,98.18703617
If853,105.5525,104.1507965
IL110K,199.642,210.0590296
IL110K,199.1025,183.2686203
IL110K,157.257,164.3606302
IL110K,160.1235,158.4970457
IL110K,234.08,216.5589616
IL110K,239.385,183.3063792
IL112t,125.0565,131.3724612
IL112t,171.0755,176.587298
IL112t,186.401,179.1184049
IL112t,188.5815,200.9416457
IL112t,157.386,148.5126217
IL112t,182.8545,165.894045
IL13B,129.106,145.6793129
IL13B,108.0985,114.2812365
IL13B,86.629,99.77791074
IL13B,119.7895,113.2609335
IL13B,111.805,136.0037482
IL13B,79.585,86.00273379
IL14b,254.688,248.3253604
IL14b,231.474,237.8032565
IL14b,187.0195,169.7058331
IL14b,269.595,259.4498793
IL14b,130.715,147.1190474
IL14b,210.9785,209.8009519
IL14C,244.866,242.4097077
IL14C,174.284,174.8599492
IL14C,222.1415,219.9026915
IL14C,175.059,173.2493555
IL14C,224.705,203.3236761
IL14C,142.085,157.666979
IL18b,114.7705,109.7088985
IL18b,150.543,149.9165243
IL18b,185.1595,159.3052698
IL18b,152.017,150.4063523
IL18b,199.534,178.7089178
IL18b,162.9895,152.6263503
IL200e,136.6445,147.3946729
IL200e,145.621,120.739145
IL200e,138.307,154.0450428
IL200e,154.57,149.5450907
IL200e,133.6335,135.9994306
IL200e,141.87,126.5872423
IL279AxRp1d,184.9995,181.6910781
IL279AxRp1d,186.9175,177.3772085
IL279AxRp1d,189.5285,172.8231647
IL279AxRp1d,124.8325,108.9149888
IL279AxRp1d,177.273,175.1929791
IL279AxRp1d,133.123,135.3224093
IL303b,229.8775,217.6908907
IL303b,216.6585,197.9190594
IL303b,217.2705,201.2204188
IL303b,322.2115,299.720872
IL303b,218.5635,205.2922249
IL303b,270.7115,259.6016087
IL323a,201.45,177.0972251
IL323a,183.777,193.5039452
IL323a,130.3375,129.9520816
IL323a,145.42,135.7786479
IL323a,187.419,174.4124825
IL323a,138.4695,135.5504094
IL442a,82.2525,94.51749847
IL442a,114.203,97.48329438
IL442a,82.5245,86.34321439
IL442a,112.0675,105.0536519
IL442a,84.146,101.7162394
IL442a,160.8475,144.0892556
IL454a,128.55,129.3095309
IL454a,122.359,122.9002646
IL454a,154.163,122.6019428
IL454a,176.423,172.6094524
IL454a,135.5225,129.6984411
IL454a,149.3285,139.605101
IL707a,65.9395,68.07027704
IL707a,77.407,96.70613029
IL707a,58.9715,64.25596017
IL707a,73.9485,73.27860547
IL707a,59.4975,60.69183674
IL707a,74.5385,79.60820938
IL713a,204.1765,206.4486003
IL713a,189.143,195.3020431
IL713a,212.195,195.8721721
IL713a,209.969,199.0126206
IL713a,170.5805,162.0634008
IL713a,199.39,181.1657289
IL744a,189.8505,190.5216861
IL744a,159.429,156.1903528
IL744a,225.977,226.0721905
IL744a,205.349,206.834825
IL744a,149.4245,143.4924169
IL744a,139.3545,148.7715656
IL789b,155.9505,176.1847084
IL789b,171.2195,168.9120861
IL789b,155.768,175.3350713
IL789b,167.136,170.1254892
IL789b,166.9335,175.4260939
IL789b,165.2645,162.2932398
IL86e,232.8335,213.8490158
IL86e,232.887,226.9917956
IL86e,206.2185,210.803431
IL86e,236.4135,245.2011785
IL86e,222.161,223.8826665
IL86e,205.313,231.3339494
ILB5870,104.908,109.9811798
ILB5870,97.2055,83.79142933
ILB5870,108.5095,98.14072461
ILB5870,138.0105,152.7198845
ILB5870,103.0605,105.3658848
ILB5870,101.4805,102.9399824
ILB6011,172.527,199.4729691
ILB6011,243.5915,243.7133248
ILB6011,150.6945,157.4149097
ILB6011,163.2875,168.1793163
ILB6011,199.5895,214.1947881
ILB6011,184.7795,173.5819453
Jubileeex9017,165.265,153.6926881
Jubileeex9017,147.979,155.9869158
Jubileeex9017,196.834,176.5419417
Jubileeex9017,126.7845,123.0580233
Jubileeex9017,135.534,124.5329834
Jubileeex9017,152.446,173.1469206
K115-1-1-1-1-1-1-1-1B-1,93.42,92.67861734
K115-1-1-1-1-1-1-1-1B-1,74.5775,88.84911195
K115-1-1-1-1-1-1-1-1B-1,78.474,78.77017921
K115-1-1-1-1-1-1-1-1B-1,82.811,94.86388156
K115-1-1-1-1-1-1-1-1B-1,71.0865,72.66875234
K115-1-1-1-1-1-1-1-1B-1,86.6885,102.8700677
K127-1-1-1-2-1-1-1-1,131.588,119.4956522
K127-1-1-1-2-1-1-1-1,104.5215,103.2541938
K127-1-1-1-2-1-1-1-1,122.151,114.9098711
K127-1-1-1-2-1-1-1-1,94.6585,88.75775736
K127-1-1-1-2-1-1-1-1,124.119,114.63446
K127-1-1-1-2-1-1-1-1,115.3245,114.1363305
L108-2-1-1,115.52,119.7748328
L108-2-1-1,99.488,96.1944291
L108-2-1-1,93.3695,102.258445
L108-2-1-1,79.336,85.12462776
L108-2-1-1,118.5365,126.6745283
L108-2-1-1,102.213,105.8227484
L185-1-1-1-1-3-1,69.101,65.67668966
L185-1-1-1-1-3-1,75.791,69.50282566
L185-1-1-1-1-3-1,72.593,69.30054194
L185-1-1-1-1-3-1,94.498,80.35690364
L185-1-1-1-1-3-1,65.401,74.59517529
L185-1-1-1-1-3-1,81.5555,82.81559094
MDM_17,190.6565,182.3996687
MDM_17,206.997,235.4701656
MDM_17,207.5985,202.9644755
MDM_17,199.417,197.9962339
MDM_17,137.3045,139.0862146
MDM_17,239.7905,269.1502763
MDM_19,225.1435,191.8934315
MDM_19,236.683,200.1541527
MDM_19,167.5705,134.3320501
MDM_19,242.9055,237.3679138
MDM_19,180.6865,144.2650279
MDM_19,205.146,169.437274
MR10,171.0335,167.7232254
MR10,241.3815,261.7559433
MR10,229.1285,236.6096768
MR10,206.92,212.1070404
MR10,173.239,156.9709789
MR10,180.1255,185.3956062
MR14,158.611,150.0493142
MR14,219.3775,198.9673875
MR14,193.4305,185.6046928
MR14,199.567,185.9052077
MR14,234.0855,182.1656518
MR14,290.786,245.9419326
N12A-1,63.6265,64.27403197
N12A-1,41.067,45.50945494
N12A-1,54.7665,47.73051443
N12A-1,45.8945,45.22375829
N12A-1,51.256,54.30397188
N12A-1,66.83,69.05616741
N142A-1,95.202,116.4306099
N142A-1,85.963,97.52622443
N142A-1,112.611,119.6770605
N142A-1,106.383,108.5747572
N142A-1,96.9485,84.15884499
N142A-1,101.068,99.41265968
N45A-1,71.8485,59.90795962
N45A-1,54.17,68.08573124
N45A-1,45.947,38.31865914
N45A-1,61.164,50.36327344
N45A-1,52.659,46.66704225
N45A-1,63.293,65.8367287
N46A-1,84.6105,92.34500093
N46A-1,86.9795,97.16467806
N46A-1,85.7315,90.80632917
N46A-1,78.8405,99.42474503
N46A-1,89.076,106.9740817
N46A-1,85.3985,95.51412501
N72A-1,58.2245,53.91822159
N72A-1,73.5975,79.96252092
N72A-1,91.712,93.49101654
N72A-1,55.238,76.31051509
N72A-1,72.3935,82.83746767
N72A-1,82.1245,90.35541863
N99-1-1-1-1-1-1-1,108.961,101.8356446
N99-1-1-1-1-1-1-1,99.162,103.8660591
N99-1-1-1-1-1-1-1,89.7185,95.20049743
N99-1-1-1-1-1-1-1,97.5915,94.61245709
N99-1-1-1-1-1-1-1,83.5465,83.72390015
N99-1-1-1-1-1-1-1,92.806,98.7479088
No_1577,165.0015,159.6813196
No_1577,173.204,174.6944927
No_1577,170.6645,184.5111923
No_1577,167.416,170.4923058
No_1577,186.191,190.8620359
No_1577,160.8145,156.4041481
P39_New,181.3035,179.9143693
P39_New,189.6375,201.0354454
P39_New,170.907,155.5352104
P39_New,197.4925,193.0368202
P39_New,169.8085,162.1490108
P39_New,201.682,208.7595452
P39M94,141.8455,135.074933
P39M94,131.166,117.4379949
P39M94,119.953,111.7046049
P39M94,176.625,167.5540408
P39M94,147.5195,153.6181263
P39M94,163.614,154.9780646
PAIA_453,185.5655,186.4037281
PAIA_453,190.9485,169.6230186
PAIA_453,197.2185,189.0975998
PAIA_453,141.9785,104.4470036
PAIA_453,97.5565,102.4022972
PAIA_453,178.91,175.3242092
SD226,171.8365,201.1026997
SD226,168.0495,207.1385896
SD226,235.464,235.73638
SD226,211.533,220.054067
SD226,144.397,161.7139218
SD226,167.8415,187.9107155
SD469,180.0255,171.2555964
SD469,190.5785,185.3153212
SD469,213.108,223.4569226
SD469,197.396,192.2333672
SD469,207.8525,184.0903497
SD469,182.38,183.5708072
SD909,84.0745,70.28431536
SD909,69.5495,66.80881267
SD909,84.2445,85.54010231
SD909,89.3025,84.06867316
SD909,135.7575,115.2541278
SD909,90.9135,105.6447271
Sel. from_231227,196.607,202.9177224
Sel. from_231227,250.92,221.2904442
Sel. from_231227,187.326,183.8982802
Sel. from_231227,214.1765,184.6680126
Sel. from_231227,250.303,241.960196
Sel. from_231227,130.4955,129.3350862
Sep._from_170882,149.5355,162.5635301
Sep._from_170882,245.7245,213.7518335
Sep._from_170882,224.21,215.4176636
Sep._from_170882,145.321,138.5807497
Sep._from_170882,329.9725,292.6935769
Sep._from_170882,270.103,227.5676531
Slatka_Pukanka,225.101,206.8419285
Slatka_Pukanka,220.0115,220.9038379
Slatka_Pukanka,206.399,198.9882554
Slatka_Pukanka,216.065,204.5884513
Slatka_Pukanka,195.6135,181.9567758
Slatka_Pukanka,209.3845,190.4709284
Sonora_108,250.0985,230.919733
Sonora_108,155.6345,150.7272579
Sonora_108,232.578,244.342886
Sonora_108,251.845,243.1265386
Sonora_108,183.339,177.8406717
Sonora_108,236.516,239.4421318
STRAIN_304A-408-68B,161.701,169.456311
STRAIN_304A-408-68B,130.1155,143.4252001
STRAIN_304A-408-68B,182.5385,185.0619695
STRAIN_304A-408-68B,151.7595,158.5384322
STRAIN_304A-408-68B,143.7075,136.1745288
STRAIN_304A-408-68B,135.647,147.5821096
STRAIN_465A-421-68B,182.374,199.1383949
STRAIN_465A-421-68B,185.3795,180.5062045
STRAIN_465A-421-68B,248.232,276.608241
STRAIN_465A-421-68B,245.9125,263.6104491
STRAIN_465A-421-68B,233.8445,241.4275995
STRAIN_465A-421-68B,170.588,186.7980213
T64S,268.8275,246.7019415
T64S,283.874,256.5547273
T64S,273.1815,277.9638224
T64S,267.0955,259.2729469
T64S,294.942,301.4366876
T64S,307.911,295.4288767
Tesuque_Pueblo,92.7155,90.94202002
Tesuque_Pueblo,131.543,118.6961897
Tesuque_Pueblo,113.563,96.52589577
Tesuque_Pueblo,128.8765,120.6284644
Tesuque_Pueblo,90.369,58.99226598
Tesuque_Pueblo,115.8745,95.94082541
UFI9EC,108.0435,128.1196184
UFI9EC,121.0155,130.858051
UFI9EC,106.2455,114.403847
UFI9EC,109.381,102.2599633
UFI9EC,101.8395,105.130881
UFI9EC,83.9725,82.76517752
V781,132.77,135.7994203
V781,170.4325,174.8932421
V781,144.229,117.8230584
V781,109.8375,106.3166227
V781,107.8,109.4797394
V781,138.3135,130.4378139
VIII/221,224.3145,234.4364449
VIII/221,307.7305,329.1892195
VIII/221,273.3865,289.3413213
VIII/221,280.259,306.2791534
VIII/221,308.372,335.1428977
VIII/221,285.556,296.8310523
W6720_2,113.7555,103.8990289
W6720_2,88.444,93.11976834
W6720_2,106.4345,99.81561192
W6720_2,108.046,104.1480293
W6720_2,134.8445,140.4506295
W6720_2,109.452,108.6552701
W6786,186.1715,184.4384062
W6786,151.1545,172.9427121
W6786,188.8385,213.7793661
W6786,153.7565,181.0935063
W6786,214.9805,228.1356432
W6786,143.169,168.7533195
W85,152.7155,154.8801452
W85,141.5085,133.1654016
W85,147.644,145.5624306
W85,116.5485,125.1021627
W85,190.0405,180.5505982
W85,179.814,183.8991186
we05407,102.145,108.1960736
we05407,110.357,106.8092051
we05407,137.514,146.4276668
we05407,121.116,123.579455
we05407,129.107,128.4535269
we05407,96.739,89.95077389
we05410,113.725,125.4900002
we05410,116.6525,105.286953
we05410,148.4085,157.8972321
we05410,190.256,186.1468157
we05410,199.364,198.553882
we05410,126.0585,123.1727912
we08408,183.338,193.6664136
we08408,264.0205,269.3301814
we08408,201.1125,201.8356014
we08408,231.0945,227.0391669
we08408,225.708,202.8392084
we08408,194.3095,174.6559177
we1095407-2,155.1065,152.9674365
we1095407-2,140.027,136.8239312
we1095407-2,150.034,152.9483182
we1095407-2,139.216,120.0273909
we1095407-2,158.2785,163.7272792
we1095407-2,164.553,170.6416529
wh03031,104.9305,90.83364758
wh03031,102.5375,104.216534
wh03031,101.2455,105.3435869
wh03031,109.098,97.77698954
wh03031,106.2595,108.9099913
wh03031,92.0625,112.0808324
wh04020a,158.504,141.2668063
wh04020a,129.385,84.08256784
wh04020a,122.1955,97.5931206
wh04020a,156.0785,153.013409
wh04020a,120.541,117.9600315
wh04020a,141.5365,156.2667735
wh05051,133.6445,124.8060162
wh05051,133.5725,124.05148
wh05051,119.142,115.847777
wh05051,135.194,117.4424471
wh05051,130.8115,113.3256329
wh05051,127.5965,115.3085224
wh05081b,115.1825,127.5860262
wh05081b,135.043,134.2171794
wh05081b,102.764,109.6935215
wh05081b,116.3025,122.0097344
wh05081b,108.216,111.4793068
wh05081b,117.586,120.4334511
wh07029,100.78,133.4022764
wh07029,107.6005,133.9118849
wh07029,86.606,101.655301
wh07029,90.4515,120.2671304
wh07029,89.032,121.0354186
wh07029,89.3475,128.0533463
wh07166R,101.663,103.3116344
wh07166R,116.58,114.91925
wh07166R,115.2595,119.1167558
wh07166R,101.374,104.9711537
wh07166R,112.3935,109.1994189
wh07166R,123.3515,132.3752527
wh08042,141.805,140.9912441
wh08042,150.0655,166.8883067
wh08042,114.4575,129.379738
wh08042,118.6405,137.7104707
wh08042,159.789,168.9957414
wh08042,140.0595,153.1894272
wh08114,95.6075,91.54137386
wh08114,120.898,122.7472255
wh08114,108.6445,104.4250601
wh08114,111.9195,103.4001589
wh08114,124.444,125.4987388
wh08114,104.161,103.2475269
wh09068,82.466,96.91583017
wh09068,58.36,66.5922778
wh09068,81.328,71.74063135
wh09068,66.289,81.46642801
wh09068,81.1525,83.14438847
wh09068,114.319,126.1496876
wh09126R,97.5,89.93764497
wh09126R,100.329,102.5042957
wh09126R,109.4665,114.011695
wh09126R,63.335,69.61655262
wh09126R,93.087,104.8071524
wh09126R,123.2135,123.3669791
wh10034R,91.268,118.5137798
wh10034R,110.4805,123.6879214
wh10034R,109.6745,111.9778964
wh10034R,109.6775,114.8052602
wh10034R,100.98,109.0713832
wh10034R,94.291,96.72586723
wh10067R,107.364,97.76223967
wh10067R,102.1435,82.5135421
wh10067R,88.403,81.09933101
wh10067R,145.287,115.4449407
wh10067R,79.1335,65.36759713
wh10067R,93.7685,70.80955847
wh10090R,103.586,95.58892576
wh10090R,117.4005,108.0691368
wh10090R,113.951,103.4734629
wh10090R,88.7,77.77809566
wh10090R,121.062,102.138852
wh10090R,132.919,114.5519462
wh10105R,133.6835,139.3647363
wh10105R,85.479,84.71815265
wh10105R,130.1845,128.4690509
wh10105R,79.7755,74.20882387
wh10105R,118.7325,107.5822106
wh10105R,67.3525,69.08972454
wh10163,93.0795,106.4723436
wh10163,90.21,104.69781
wh10163,86.5785,93.16202801
wh10163,95.2435,102.9675037
wh10163,57.739,70.68622631
wh10163,48.4675,55.87647286
wh11005,64.038,90.96853603
wh11005,101.786,136.9170254
wh11005,92.2075,120.3593549
wh11005,110.1105,166.7579402
wh11005,125.6145,151.9672482
wh11005,129.424,53.9570217
wh12004,116.421,103.990349
wh12004,136.754,120.8477251
wh12004,113.687,111.4606881
wh12004,116.5565,103.5003957
wh12004,118.1405,119.4759674
wh12004,128.361,114.0270134
wh12005,79.5085,65.83241636
wh12005,67.6965,64.28185015
wh12005,91.8095,89.63214854
wh12005,95.044,92.13949749
wh12005,97.2075,82.07356688
wh12005,89.178,86.89681446
wh12008,143.587,144.7277823
wh12008,88.1475,92.79369428
wh12008,113.9855,123.7122674
wh12008,137.098,146.2894714
wh12008,128.6985,127.1689273
wh12008,133.675,156.91809
wh13041,132.33,134.7777838
wh13041,129.4535,137.6030094
wh13041,143.195,132.8398772
wh13041,95.8415,106.4028243
wh13041,146.2775,141.5101591
wh13041,135.7345,139.6019397
wh13048,71.8305,62.01767836
wh13048,79.8625,74.12073976
wh13048,67.905,71.17953208
wh13048,72.554,75.48814677
wh13048,77.8825,65.43886282
wh13048,72.9965,64.63871016
wh14082V,98.717,104.7698583
wh14082V,98.421,87.13032044
wh14082V,111.8325,119.6782188
wh14082V,77.325,76.99296342
wh14082V,99.408,104.2245177
wh14082V,98.1075,102.3053721
wh14102V,165.015,151.5751811
wh14102V,71.927,66.37197043
wh14102V,166.3655,168.0037086
wh14102V,157.7745,145.9110933
wh14102V,158.313,146.2312885
wh14102V,142.0675,134.4057497
wh14210N,95.2255,95.17898055
wh14210N,91.5185,92.34520401
wh14210N,90.4095,82.19342038
wh14210N,72.75,75.98842221
wh14210N,90.2525,93.75986648
wh14210N,74.3145,77.90263257
wh92047,110.3775,106.9923748
wh92047,108.051,118.034648
wh92047,104.67,107.4310739
wh92047,98.131,104.3924498
wh92047,122.9755,136.4140679
wh92047,104.9555,116.9570903
Wh9261,146.5595,139.9059366
Wh9261,140.3845,122.5408677
Wh9261,113.269,101.1658496
Wh9261,104.53,88.51422554
Wh9261,83.3795,69.26946094
Wh9261,135.9155,131.8950852
Whipples_Yellow,227.1975,220.6212194
Whipples_Yellow,222.3665,204.2267072
Whipples_Yellow,243.8135,224.9363407
Whipples_Yellow,247.3165,236.9015755
Whipples_Yellow,237.936,237.0728459
Whipples_Yellow,197.8945,175.5135442
Wu00801,296.964,291.2511186
Wu00801,211.772,207.0513151
Wu00801,266.6265,276.8439344
Wu00801,210.1005,196.1148042
Wu00801,215.096,228.6558543
Wu00801,203.2125,202.2148576
wu07812,78.9715,87.56758307
wu07812,138.4705,129.920483
wu07812,129.3365,122.3837257
wu07812,132.0625,154.0133574
wu07812,87.3805,99.11400029
wu07812,127.8115,114.4378942
wu10802R,174.8455,173.0315643
wu10802R,147.1485,152.109404
wu10802R,164.0965,182.8790538
wu10802R,122.8445,113.4795688
wu10802R,181.899,183.9826831
wu10802R,207.343,197.5116713
wu10804R,281.904,239.3218907
wu10804R,268.1985,297.5012055
wu10804R,298.0025,295.3912984
wu10804R,237.931,244.6295024
wu10804R,256.4835,227.2629174
wu10804R,284.063,272.8348064
wuh07182i,192.1965,189.0611968
wuh07182i,99.3525,127.6925358
wuh07182i,97.837,115.5309401
wuh07182i,78.9555,93.02915725
wuh07182i,161.543,164.7633821
wuh07182i,67.6815,88.31204726
wuh07428i,91.228,77.36870071
wuh07428i,81.549,89.6591486
wuh07428i,73.233,82.64373609
wuh07428i,61.8645,71.86683346
wuh07428i,46.817,70.09270464
wuh07428i,67.033,74.83299779
wuh07469i,143.0575,141.147465
wuh07469i,105.0835,95.53539198
wuh07469i,106.987,118.6519551
wuh07469i,109.085,103.5580908
wuh07469i,107.588,111.3610694
wuh07469i,66.967,80.4705582
wuh09093i,131.787,104.4397437
wuh09093i,114.883,102.8929228
wuh09093i,160.4965,130.1275929
wuh09093i,135.7755,120.0989954
wuh09093i,173.9795,158.0695428
wuh09093i,205.73,180.4950517
wuh11812i,100.4775,99.6387106
wuh11812i,134.784,148.2212062
wuh11812i,115.539,111.662776
wuh11812i,109.2475,110.0222486
wuh11812i,148.6785,162.2988076
wuh11812i,136.4675,137.5494502
Z07_001,223.426,219.9691922
Z07_001,224.3505,213.3839395
Z07_001,176.2565,148.8721598
Z07_001,153.9165,144.4223593
Z07_001,232.5095,231.1523752
Z07_001,208.384,202.7067919
Z07_003,246.1295,249.6986916
Z07_003,252.489,261.2735131
Z07_003,271.334,272.2010622
Z07_003,241.6525,250.1794149
Z07_003,168.592,197.5414226
Z07_003,199.352,209.4720973
ZARYA_123,199.173,181.5565505
ZARYA_123,170.449,150.3119853
ZARYA_123,193.634,172.250693
ZARYA_123,142.3665,143.5696204
ZARYA_123,193.604,187.4431969
ZARYA_123,118.8765,121.4331645
A632 NE,153.0385,177.5175107
A632 NE,149.731,175.1424268
A632 NE,206.029,229.7629233
A632 NE,157.5935,168.5244501
A632 NE,182.469,189.7269417
A632 NE,164.0515,151.9442583
A632 P,184.706,191.1544367
A632 P,233.962,247.474667
A632 P,213.583,218.680319
A632 P,199.3035,201.8008229
A632 P,205.8995,199.6082329
A632 P,200.6165,202.7598203
A632 NC,177.632,183.8797336
A632 NC,186.0195,194.5441772
A632 NC,187.8765,198.7382412
A632 NC,183.4385,209.278188
A632 NC,208.8705,201.8389312
A632 NC,167.761,165.3505486
A632 SW,229.215,248.8192502
A632 SW,183.237,201.153962
A632 SW,199.5805,205.2891519
A632 SW,180.473,207.0593783
A632 SW,197.2205,209.4374646
A632 SW,195.11,205.3966514
A632 CM,195.2245,178.1821171
A632 CM,223.0055,244.462995
A632 CM,131.2305,135.6090604
A632 CM,235.972,280.9707921
A632 CM,201.532,188.424324
A632 CM,212.186,221.0855389
A619 NE,208.91,198.9915704
A619 NE,148.174,154.7796611
A619 NE,145.4415,147.1489816
A619 NE,195.5265,190.7183145
A619 NE,161.2565,179.3483582
A619 NE,184.351,183.6999318
A619 P,220.3775,249.9023987
A619 P,278.7395,304.4911067
A619 P,286.8925,276.1391961
A619 P,260.1675,281.9496481
A619 P,294.4975,272.8150772
A619 P,287.119,268.3859769
A619 NC,237.365,198.467852
A619 NC,280.092,272.4679881
A619 NC,209.869,200.7815713
A619 NC,228.474,217.3651645
A619 NC,163.2135,135.3472798
A619 NC,181.9225,187.9752127
A619 SW,220.3705,201.7250485
A619 SW,179.5855,172.6758992
A619 SW,199.5245,208.6796945
A619 SW,213.6545,203.8234454
A619 SW,232.8745,220.2323912
A619 SW,230.48,220.400447
469,150.1235,132.9719664
469,177.133,174.1305317
469,261.399,260.1668927
469,235.2155,206.906209
469,225.4785,233.2645814
469,235.3155,236.7507705
883,153.9455,158.9744877
883,168.2005,156.899871
883,131.7025,137.7862597
883,170.4385,171.1456409
883,111.3265,136.1078171
883,134.6125,142.7531791
27A-317-68C,141.902,150.8574519
27A-317-68C,191.4035,209.9491094
27A-317-68C,207.393,227.1656515
27A-317-68C,213.191,232.3478482
27A-317-68C,193.475,225.3854741
27A-317-68C,186.577,215.2354816
442A-431-68D,173.485,183.1823837
442A-431-68D,146.4905,161.7813777
442A-431-68D,196.0705,214.602523
442A-431-68D,158.5995,181.1238305
442A-431-68D,175.1655,193.5249285
442A-431-68D,211.1465,221.5711484
A15,127.11,124.7206571
A15,210.062,216.9630968
A15,248.7385,249.7404932
A15,230.5525,244.2872486
A15,225.233,219.4265391
A15,209.618,226.7750129
A7,214.72,197.3115202
A7,142.8355,119.5298588
A7,186.6545,166.6798647
A7,194.58,198.2777908
A7,207.1525,189.394067
A7,205.2715,210.6582291
Andjar_Bekaa,185.748,189.8164165
Andjar_Bekaa,153.378,150.4801623
Andjar_Bekaa,161.8995,157.359429
Andjar_Bekaa,170.6785,183.4153835
Andjar_Bekaa,172.8175,160.1158527
Andjar_Bekaa,160.2005,180.5282017
ARZM_19_069,218.6755,237.2777505
ARZM_19_069,300.9685,293.5854731
ARZM_19_069,252.9205,286.3961429
ARZM_19_069,221.991,233.1228628
ARZM_19_069,214.4905,214.38788
ARZM_19_069,280.1535,280.1786514
ARZM_21_002,172.6985,174.7991939
ARZM_21_002,169.337,169.272112
ARZM_21_002,149.907,140.1903802
ARZM_21_002,137.558,135.5854515
ARZM_21_002,144.8605,124.1711946
ARZM_21_002,180.819,161.9527771
ARZM_21_009,159.74,143.7970748
ARZM_21_009,196.1685,192.9860678
ARZM_21_009,167.36,159.1609072
ARZM_21_009,120.5085,103.1453635
ARZM_21_009,180.793,181.3438566
ARZM_21_009,117.4195,121.2278949
ARZM_21_013,179.473,166.0583511
ARZM_21_013,220.84,234.8419809
ARZM_21_013,175.513,168.9478266
ARZM_21_013,180.1345,192.0092384
ARZM_21_013,236.9255,215.4462896
ARZM_21_013,209.637,240.5325563
AS11_Sweet_corn_population,109.5105,129.5162144
AS11_Sweet_corn_population,145.902,191.3908823
AS11_Sweet_corn_population,104.115,110.7900454
AS11_Sweet_corn_population,118.975,125.6902205
AS11_Sweet_corn_population,148.3225,153.0668059
AS11_Sweet_corn_population,101.041,113.7613376
Atkinson,267.483,245.5494679
Atkinson,172.7825,185.6354942
Atkinson,221.705,223.3383189
Atkinson,371.599,325.1861229
Atkinson,165.591,143.1507288
Atkinson,248.8265,238.6673721
B5765,144.153,151.0761901
B5765,143.051,154.1306847
B5765,154.328,173.916732
B5765,159.383,144.218831
B5765,147.61,145.9394051
B5765,149.316,147.6874709
Baxters_Golden_Bantam,133.176,150.1401723
Baxters_Golden_Bantam,152.0375,156.208045
Baxters_Golden_Bantam,114.0395,123.6009204
Baxters_Golden_Bantam,143.687,147.7803495
Baxters_Golden_Bantam,134.0765,138.194458
Baxters_Golden_Bantam,102.0995,122.0964071
C22,188.177,181.407319
C22,234.609,206.9969255
C22,202.6165,204.1363292
C22,188.4045,211.3922129
C22,212.541,218.4465374
C22,144.113,143.6161381
C23_su,238.185,266.0812459
C23_su,253.4055,288.8934508
C23_su,224.2565,238.4257727
C23_su,192.075,194.1962676
C23_su,145.507,179.8911769
C23_su,133.3785,159.1087602
C4,153.2785,172.1711953
C4,191.18,218.6546357
C4,183.571,176.663367
C4,190.4185,183.3382797
C4,180.152,175.8537639
C4,152.993,161.5738354
C42,196.2975,201.792279
C42,191.33,184.6350557
C42,149.0315,169.6779751
C42,198.995,200.9751066
C42,182.3275,183.0385383
C42,188.985,219.6163557
C68Rx552_63,211.3175,212.4849325
C68Rx552_63,277.9015,293.6576566
C68Rx552_63,224.381,220.9202961
C68Rx552_63,144.144,158.7139405
C68Rx552_63,240.839,227.6304702
C68Rx552_63,222.5755,212.9312385
C7e,228.66,243.1877068
C7e,232.3555,223.1469224
C7e,193.2855,190.2419646
C7e,226.634,225.2519814
C7e,213.7365,236.7174645
C7e,212.982,240.5009065
CHZM_08_129,145.154,163.5408116
CHZM_08_129,157.7385,175.8209686
CHZM_08_129,142.2245,155.2173453
CHZM_08_129,155.2335,173.8115568
CHZM_08_129,163.2645,171.9612041
CHZM_08_129,114.4395,122.1206922
COES_28A-1,65.1695,90.15453444
COES_28A-1,68.97,80.12326567
COES_28A-1,82.7715,106.445588
COES_28A-1,70.1595,86.30331849
COES_28A-1,71.4455,78.1020197
COES_28A-1,52.304,69.70456529
Country_Gentleman,101.543,113.0398589
Country_Gentleman,191.4225,233.5892495
Country_Gentleman,172.0155,207.9617568
Country_Gentleman,158.4185,180.9911788
Country_Gentleman,180.857,216.6410471
Country_Gentleman,162.164,187.9333331
Cubano,207.012,230.1346452
Cubano,209.631,205.6200943
Cubano,178.3895,186.5095088
Cubano,189.956,206.3767556
Cubano,156.9115,146.7424261
Cubano,171.76,183.6452752
EP62,176.3265,180.8593345
EP62,255.7675,247.2529501
EP62,166.0905,168.6972422
EP62,285.015,299.2959571
EP62,285.569,306.0893114
EP62,289.9135,292.8334091
G8,189.484,181.2246023
G8,171.8265,159.4973726
G8,230.249,221.209618
G8,149.072,142.7570683
G8,195.2455,189.8474649
G8,177.9395,194.1792469
Hawaiian_Sugar,182.096,203.3462758
Hawaiian_Sugar,115.8325,110.3791992
Hawaiian_Sugar,148.0645,153.9793238
Hawaiian_Sugar,119.1395,124.4773759
Hawaiian_Sugar,147.77,173.6525021
Hawaiian_Sugar,162.2065,183.4576791
I112-1-1-2-1-1-1,81.0225,102.0012494
I112-1-1-2-1-1-1,69.494,79.59316979
I112-1-1-2-1-1-1,89.1465,86.97553366
I112-1-1-2-1-1-1,61.8395,69.07446323
I112-1-1-2-1-1-1,57.722,70.99695015
I112-1-1-2-1-1-1,83.4455,88.04183931
I237-1-2-1-1-1-1-1,98.6245,73.33926847
I237-1-2-1-1-1-1-1,85.3475,63.41594069
I237-1-2-1-1-1-1-1,33.248,-4.886907781
I237-1-2-1-1-1-1-1,84.8005,64.11814235
I237-1-2-1-1-1-1-1,77.321,66.18437485
I237-1-2-1-1-1-1-1,52.653,40.21032738
I31-1-1-1-2-1-1,84.0255,94.35917617
I31-1-1-1-2-1-1,98.8175,95.31968029
I31-1-1-1-2-1-1,192.409,179.3396297
I31-1-1-1-2-1-1,89.79,89.68660262
I31-1-1-1-2-1-1,81.5155,79.83793442
I31-1-1-1-2-1-1,90.99,92.91465157
I817,163.598,178.5760419
I817,178.6705,172.4183161
I817,157.0715,171.0614464
I817,170.1085,169.4911076
I817,166.854,160.0587589
I817,174.6515,163.0786946
I97-1-1-1-1-1-1,106.019,91.53110727
I97-1-1-1-1-1-1,117.976,121.6372844
I97-1-1-1-1-1-1,112.303,112.5263582
I97-1-1-1-1-1-1,122.037,128.8169299
I97-1-1-1-1-1-1,112.099,122.5745813
I97-1-1-1-1-1-1,93.091,108.5197642
Ia2076,172.039,173.05929
Ia2076,132.9015,126.2687375
Ia2076,139.9805,153.1127001
Ia2076,175.2795,149.4295757
Ia2076,155.222,162.1976849
Ia2076,164.112,161.1945206
Ia2132,199.1485,197.2220815
Ia2132,216.4735,205.1710627
Ia2132,177.138,193.0354242
Ia2132,211.258,216.2622327
Ia2132,196.887,207.2051286
Ia2132,197.9005,213.3405037
Ia45_3,100.604,102.9334416
Ia45_3,121.258,133.737072
Ia45_3,162.2785,189.7057177
Ia45_3,122.2705,126.7828897
Ia45_3,152.8975,145.6363595
Ia45_3,117.7325,130.2210925
IL104g,252.2185,267.359835
IL104g,252.113,272.1128032
IL104g,216.11,218.7243976
IL104g,252.4635,254.3093606
IL104g,234.2845,262.6405358
IL104g,244.6765,258.4765594
IL124a,130.8585,133.5910883
IL124a,127.0215,181.8274839
IL124a,138.2685,151.3755554
IL124a,147.5045,121.6286525
IL124a,111.8275,143.4684337
IL124a,107.342,136.6718509
IL14b,179.962,172.3044328
IL14b,249.588,254.3200264
IL14b,172.3925,184.7759978
IL14b,182.0905,161.9019482
IL14b,191.229,198.8192378
IL14b,216.7865,194.01773
IL279AxRp1d,179.6055,174.2934981
IL279AxRp1d,117.8045,109.8689037
IL279AxRp1d,163.6755,136.7000911
IL279AxRp1d,179.0465,170.4344756
IL279AxRp1d,191.38,178.2287531
IL279AxRp1d,146.8115,140.3248268
IL318a,162.8865,151.2642898
IL318a,232.9355,239.9034387
IL318a,141.0445,150.1928722
IL318a,191.7895,195.1082808
IL318a,172.6105,181.8963935
IL318a,230.77,220.2234074
IL325a,190.206,201.9910851
IL325a,184.7025,195.8438658
IL325a,185,195.4218773
IL325a,150.4955,162.3014954
IL325a,182.441,188.956728
IL325a,188.781,197.0987024
IL465a,135.598,154.7155405
IL465a,144.4585,157.3452749
IL465a,193.7145,221.7313991
IL465a,123.3245,132.0717007
IL465a,173.3055,183.7330488
IL465a,132.502,162.5044725
IL47a,119.1955,132.5189683
IL47a,137.4445,150.5982945
IL47a,122.7815,129.6013687
IL47a,132.7745,148.2178919
IL47a,117.3095,114.9759153
IL47a,137.849,146.5201673
IL607a,121.258,124.24498
IL607a,182.0205,194.3203181
IL607a,116.0775,121.7818148
IL607a,131.8145,119.4209263
IL607a,105.839,111.4993899
IL607a,127.8175,131.3711915
IL648,157.8935,163.739772
IL648,173.3855,179.6062486
IL648,199.4975,184.3013137
IL648,191.0525,171.8858642
IL648,187.6495,193.154403
IL661a,144.7955,159.1890111
IL661a,143.3675,137.9708339
IL661a,136.548,151.7994981
IL661a,138.1315,146.9961864
IL661a,156.832,157.6601764
IL661a,119.292,126.6647592
IL673a,230.85,209.5081889
IL673a,230.488,213.341264
IL673a,166.4085,165.8610863
IL673a,197.972,184.1137145
IL673a,232.8345,210.078267
IL673a,227.48,215.4025524
IL676a,172.543,171.6587862
IL676a,187.476,194.6468979
IL676a,171.7935,172.2956971
IL676a,180.854,161.8075198
IL676a,211.668,215.5054988
IL676a,192.5895,164.7842954
IL678a,117.2185,114.7321869
IL678a,132.612,130.4184869
IL678a,161.2885,180.0971443
IL678a,153.909,147.942231
IL678a,115.632,122.0296507
IL678a,120.2985,114.4921679
IL696a,119.901,137.2963402
IL696a,108.672,113.3552366
IL696a,94.975,106.4334809
IL696a,113.2375,116.1097925
IL696a,120.0095,111.2161038
IL696a,116.669,133.0743587
IL729a,190.292,208.3584906
IL729a,186.2775,191.1380175
IL729a,163.262,172.5759154
IL729a,186.854,180.2764962
IL729a,187.5775,162.2322844
IL729a,155.264,145.3576873
IL751a,237.4055,214.2880394
IL751a,226.944,225.2355073
IL751a,209.7945,190.3649174
IL751a,206.963,191.9901578
IL751a,207.1245,187.0903619
IL751a,179.7025,180.0292587
IL755a,167.4355,171.3933301
IL755a,160.0705,155.4052801
IL755a,162.141,156.4219261
IL755a,147.4475,140.231959
IL755a,159.2965,164.1632195
IL755a,188.284,166.2585803
IL765a,144.655,142.1797929
IL765a,124.646,131.2465255
IL765a,145.62,151.914893
IL765a,147.7985,153.9749124
IL765a,147.598,159.9431477
IL765a,131.88,134.4894488
IL766a,87.853,108.1155403
IL766a,143.8665,145.3961754
IL766a,132.7825,113.4568892
IL766a,136.741,142.0573354
IL766a,108.387,89.50859507
IL766a,177.3605,139.1551242
IL772a,108.364,129.0147861
IL772a,100.663,97.98988054
IL772a,125.2445,126.0511341
IL772a,126.876,129.0513103
IL772a,114.7535,113.5360919
IL772a,136.369,122.464772
IL778d,131.526,138.630295
IL778d,146.923,157.1895537
IL778d,148.5225,157.6429096
IL778d,141.6105,140.4839109
IL778d,133.5135,154.7905712
IL778d,129.672,134.2649375
IL789b,163.9585,176.3311406
IL789b,163.2555,165.5220935
IL789b,185.86,191.0750775
IL789b,147.416,155.3748882
IL789b,177.469,179.1266897
IL789b,146.7625,152.5092001
IL796a,132.777,135.5420871
IL796a,150.5945,156.1720948
IL796a,153.5645,172.0778357
IL796a,154.8355,168.1373263
IL796a,93.295,115.4143565
IL796a,110.5355,121.9313805
IL86e,186.2665,190.1565523
IL86e,248.506,230.7900005
IL86e,218.5585,228.8018218
IL86e,255.496,242.9933812
IL86e,238.175,231.2338664
IL86e,181.356,183.5633415
ILB5870,205.5615,219.9678455
ILB5870,205.974,216.4197838
ILB5870,194.7625,222.4333886
ILB5870,226.407,251.5361972
ILB5870,175.7315,168.8665701
ILB5870,103.6905,113.0265921
ILB6011,150.116,164.9912641
ILB6011,200.9865,209.2435872
ILB6011,196.9375,214.7166606
ILB6011,205.754,227.6554195
ILB6011,176.6485,180.9840703
ILB6011,155.3515,151.3621835
IP39,100.6615,111.043365
IP39,186.7385,169.0999468
IP39,208.812,210.3723642
IP39,150.6375,132.211147
IP39,113.3655,122.0057184
IP39,180.789,155.0891224
K115-1-1-1-1-1-1-1-1B-1,85.943,90.94592427
K115-1-1-1-1-1-1-1-1B-1,79.4455,76.18819453
K115-1-1-1-1-1-1-1-1B-1,106.4345,88.60149349
K115-1-1-1-1-1-1-1-1B-1,77.741,75.9454847
K115-1-1-1-1-1-1-1-1B-1,74.749,83.3135639
K115-1-1-1-1-1-1-1-1B-1,77.5175,100.1273457
K127-1-1-1-2-1-1-1-1,73.5955,89.31006953
K127-1-1-1-2-1-1-1-1,102.652,106.5977278
K127-1-1-1-2-1-1-1-1,119.8445,118.7834065
K127-1-1-1-2-1-1-1-1,111.5645,110.7665128
K127-1-1-1-2-1-1-1-1,107.0185,107.4555495
K127-1-1-1-2-1-1-1-1,112.41,108.1993849
K192-1-1-1-1-1,108.4675,104.4965469
K192-1-1-1-1-1,122.0625,144.165088
K192-1-1-1-1-1,102.938,103.8986278
K192-1-1-1-1-1,111.1525,109.6275806
K192-1-1-1-1-1,90.0025,110.0996038
K192-1-1-1-1-1,106.2965,126.637195
Late_Mammoth,233.8045,241.2716895
Late_Mammoth,246.501,236.5026656
Late_Mammoth,248.145,237.2369192
Late_Mammoth,257.695,239.6521353
Late_Mammoth,155.4145,149.8839069
Late_Mammoth,266.4865,237.6192195
Luther_Hill,102.3845,110.099973
Luther_Hill,109.6575,113.6515568
Luther_Hill,117.5365,131.4976978
Luther_Hill,128.312,122.4009199
Luther_Hill,99.548,94.22498072
Luther_Hill,100.467,101.8402641
Maiz_Amarilla_Evergreen,251.757,239.2955233
Maiz_Amarilla_Evergreen,247.4275,214.6041631
Maiz_Amarilla_Evergreen,254.0555,232.43803
Maiz_Amarilla_Evergreen,258.821,233.4816354
Maiz_Amarilla_Evergreen,276.7165,256.9053394
Maiz_Amarilla_Evergreen,289.1815,246.0889502
MDM_2,177.6635,169.9034887
MDM_2,230.4915,245.795827
MDM_2,190.0225,212.3351494
MDM_2,179.2225,146.7932789
MDM_2,205.1745,205.1466209
MDM_2,213.9415,233.8382215
N12A-1,59.0855,52.55969834
N12A-1,54.3145,58.82651011
N12A-1,56.599,69.4540903
N12A-1,43.4235,44.11969212
N12A-1,51.963,53.55417689
N12A-1,55.612,50.56391452
N45A-1,48.701,60.57938003
N45A-1,87.3465,78.13106925
N45A-1,68.261,63.52239287
N45A-1,84.0795,89.89793947
N45A-1,89.118,89.11578737
N45A-1,67.7775,58.36737603
N72A-1,97.405,90.21247125
N72A-1,83.526,92.30439194
N72A-1,99.75,91.39262816
N72A-1,70.651,73.75037117
N72A-1,96.5565,94.81714507
N72A-1,100.571,98.59184892
NE_HY_13b,181.1145,187.7506758
NE_HY_13b,120.351,143.2798628
NE_HY_13b,173.141,190.9185453
NE_HY_13b,121.07,151.9342296
NE_HY_13b,165.688,183.4260326
NE_HY_13b,202.9175,194.221478
NJ112,134.2555,143.4901003
NJ112,111.097,102.3063271
NJ112,177.5205,184.3235332
NJ112,187.0005,180.2366319
NJ112,180.392,204.1435438
NJ112,137.809,146.152186
NJ116Wa,165.387,172.7935347
NJ116Wa,162.676,178.1719215
NJ116Wa,142.2085,146.5410098
NJ116Wa,109.7765,125.930624
NJ116Wa,145.0405,152.7828857
NJ116Wa,163.216,179.5276839
P39xRp1d,153.045,152.6350107
P39xRp1d,123.86,146.2942154
P39xRp1d,165.9475,157.1130651
P39xRp1d,131.398,122.4007303
P39xRp1d,121.6705,106.529109
P39xRp1d,130.1325,139.0597532
R851,142.184,147.3954714
R851,156.6585,165.751897
R851,146.1805,148.7293846
R851,151.4725,152.8868494
R851,149.3645,167.2787106
R851,140.2885,138.6687845
SD883,162.354,164.6660598
SD883,151.311,165.7075127
SD883,155.038,159.4890703
SD883,113.754,128.1485383
SD883,104.629,95.90254317
SD883,103.6245,99.75559563
SD884,220.6115,183.7839063
SD884,162.715,163.9482548
SD884,174.8995,173.7446179
SD884,171.533,183.2601031
SD884,175.2,180.6722831
SD884,215.216,194.5735248
SD908,115.192,135.1056474
SD908,120.514,121.8546097
SD908,161.8445,151.5201578
SD908,122.1755,122.7017068
SD908,143.686,134.0377343
SD908,153.8665,133.1669702
Sonora_22,183.2065,174.4201322
Sonora_22,177.727,183.4660207
Sonora_22,205.934,197.6192938
Sonora_22,190.802,171.5344377
Sonora_22,188.9565,204.2784765
Sonora_22,214.35,204.4934631
STRAIN_T33-399-68B,193.1415,173.5237163
STRAIN_T33-399-68B,176.2415,174.0293446
STRAIN_T33-399-68B,204.9865,188.927948
STRAIN_T33-399-68B,215.456,215.6845539
STRAIN_T33-399-68B,191.08,188.1984005
STRAIN_T33-399-68B,183.1135,174.3011956
SYN2_sh2,172.961,185.8933393
SYN2_sh2,107.5515,124.3524823
SYN2_sh2,101.647,110.8976712
SYN2_sh2,105.8785,119.2379485
SYN2_sh2,98.178,102.3209941
SYN2_sh2,125.846,117.7185255
T-24-56-ILL,189.132,163.0364462
T-24-56-ILL,148.4825,139.999514
T-24-56-ILL,216.048,210.0926531
T-24-56-ILL,191.316,166.4596216
T-24-56-ILL,199.366,200.6309746
T-24-56-ILL,232.479,222.229618
VIA5492,149.9285,150.1516026
VIA5492,136.972,132.313675
VIA5492,141.155,144.3576735
VIA5492,136.083,149.9167108
VIA5492,157.659,150.9335971
VIA5492,148.3465,156.8702675
W1736,263.1155,288.6726421
W1736,200.395,209.445277
W1736,150.8895,152.209982
W1736,303.9635,299.109502
W1736,122.388,138.3575978
W1736,213.7145,208.5541449
W3742,157.1695,170.3660658
W3742,142.319,134.0396308
W3742,141.204,142.5742515
W3742,117.9045,144.2291052
W3742,142.8915,164.6564756
W3742,123.145,149.6582354
W5552,259.914,239.1324975
W5552,207.4185,197.957769
W5552,213.2895,197.8419136
W5552,191.037,171.7087097
W5552,217.493,210.6076042
W5552,183.9355,169.783327
W6720_1,151.596,155.3067075
W6720_1,203.741,196.3175661
W6720_1,189.956,175.004007
W6720_1,223.139,207.3389069
W6720_1,183.575,173.3907171
W6720_1,199.803,179.2908422
W6720_2,173.171,167.9888326
W6720_2,128.944,136.5032708
W6720_2,123.8525,135.9502625
W6720_2,134.384,120.4702541
W6720_2,164.2775,162.2770884
W6720_2,128.585,124.7856352
W85,114.9535,136.7977512
W85,174.133,210.9188919
W85,110.916,134.3159277
W85,135.945,139.5777457
W85,170.5255,160.8078706
W85,146.0455,132.0402071
We02404,170.199,157.5295818
We02404,180.782,177.1914919
We02404,125.4885,116.6744791
We02404,102.322,83.49783619
We02404,146.59,162.9057516
We02404,126.7945,143.8610183
We04401,140.2005,156.8094843
We04401,119.7075,129.6192302
We04401,159.468,138.4611805
We04401,128.2865,144.7900247
We04401,140.7695,143.343912
We04401,157.4255,173.9118155
we04806,129.5445,138.9637269
we04806,165.246,177.214584
we04806,103.4455,114.8626504
we04806,153.975,168.1920692
we04806,153.0405,168.9539959
we04806,147.1015,136.624663
we08408,206.535,206.9717681
we08408,207.3675,220.6982418
we08408,247.948,229.5073981
we08408,160.774,160.4859978
we08408,229.445,226.9322927
we08408,190.2,191.8912706
we09425,189.079,194.464948
we09425,165.1325,163.800507
we09425,167.321,158.2921063
we09425,171.5485,172.4849133
we09425,187.945,182.233025
we09425,184.275,161.477059
we11408,148.6285,156.6479957
we11408,119.471,135.1639212
we11408,170.868,165.0519099
we11408,138.729,147.8240542
we11408,176.815,192.7022188
we11408,176.7395,181.3910945
Wh00051,98.4245,121.3557436
Wh00051,78.2305,90.59785595
Wh00051,94.9085,108.6646498
Wh00051,95.2325,111.363825
Wh00051,104.0025,122.5111443
Wh00051,90.2535,104.9626009
wh07051,77.95,96.91556821
wh07051,61.587,69.734264
wh07051,80.521,87.64775359
wh07051,64.4765,69.59129034
wh07051,74.2805,78.88337183
wh07051,69.8585,65.55441156
wh07061a,49.2275,56.64178839
wh07061a,55.4195,66.60872634
wh07061a,62.689,50.04787534
wh07061a,50.7965,60.79086558
wh07061a,82.1955,75.19071044
wh07061a,81.8105,94.48324112
wh07061b,90.5325,98.62878578
wh07061b,68.8395,69.51415695
wh07061b,92.409,98.18162843
wh07061b,83.527,97.39491377
wh07061b,67.7825,81.28407562
wh07061b,84.214,95.73437019
wh08042,139.0195,170.9189264
wh08042,111.831,130.0104988
wh08042,142.6315,160.2909621
wh08042,110.135,123.8105446
wh08042,139.09,149.6896742
wh08042,120.5125,145.8686341
wh09126R,89.6405,76.39177482
wh09126R,108.6215,109.7565778
wh09126R,92.115,87.04163897
wh09126R,118.3645,101.2414751
wh09126R,87.9575,97.51020437
wh09126R,121.1385,111.9025736
wh09137R,98.1255,88.09651152
wh09137R,87.45,72.67544897
wh09137R,120.345,116.8474968
wh09137R,99.1645,82.87111214
wh09137R,93.277,81.44920299
wh09137R,124.074,94.22528636
wh09141R,40.4395,43.29223411
wh09141R,28.395,35.2747495
wh09141R,32.88,40.5495616
wh09141R,25.67,31.9821087
wh09141R,38.185,36.6729418
wh09141R,32.515,30.10919765
wh10035R,167.791,118.4621203
wh10035R,114.7085,117.5511089
wh10035R,152.8385,146.2695918
wh10035R,142.876,142.0008639
wh10035R,125.6245,102.3898621
wh10035R,120.3745,97.88953763
wh10057R,86.5665,100.135256
wh10057R,117.171,107.4066491
wh10057R,66.6515,60.24551803
wh10057R,109.2585,87.74813642
wh10057R,78.012,83.22788937
wh10057R,70.2765,84.57537165
wh10067R,96.011,74.14581187
wh10067R,126.567,113.1376306
wh10067R,128.527,109.1700896
wh10067R,113.8265,109.1883783
wh10067R,90.553,74.37152788
wh10067R,146.5135,130.8040424
wh10068R,75.773,62.24335765
wh10068R,105.946,97.21865923
wh10068R,78.0135,73.14322893
wh10068R,103.6245,91.1028658
wh10068R,105.216,87.1080787
wh10068R,65.3545,50.58271451
wh10070R,123.888,112.4539069
wh10070R,117.0875,99.3684164
wh10070R,118.187,110.9814878
wh10070R,144.642,128.7994726
wh10070R,138.3875,132.6293449
wh10070R,116.6375,91.3988694
wh10105R,126.317,113.8987559
wh10105R,143.3875,133.1225295
wh10105R,132.0505,119.3110165
wh10105R,101.1885,110.294677
wh10105R,117.6335,111.9620411
wh10105R,120.213,100.6384418
wh10117R,134.5675,131.1658492
wh10117R,182.2955,203.0872033
wh10117R,167.753,185.677168
wh10117R,171.861,192.2021032
wh10117R,153.9025,167.6402972
wh10117R,120.87,131.1149965
wh10135R,82.5835,85.02478049
wh10135R,93.5175,80.82223273
wh10135R,74.0795,71.38971206
wh10135R,80.7675,80.90101542
wh10135R,80.277,80.42834539
wh10135R,80.642,94.96218085
wh10140R,102.847,108.6078
wh10140R,98.4085,104.2257668
wh10140R,118.787,128.4848593
wh10140R,118.5935,122.7497295
wh10140R,106.4745,112.3760104
wh10140R,118.705,119.1241432
wh10173V,88.047,90.13820442
wh10173V,105.109,108.6296154
wh10173V,115.226,114.7314495
wh10173V,116.0055,113.3384004
wh10173V,97.408,88.56186448
wh10173V,100.9695,95.45231706
wh12008,122.4845,122.7459292
wh12008,143.288,141.8509237
wh12008,134.176,124.5488098
wh12008,113.9315,112.6213722
wh12008,136.6615,150.7960363
wh12008,115.808,119.2478277
wh13048,45.9965,53.39052704
wh13048,51.215,43.2749703
wh13048,49.297,52.19447286
wh13048,50.766,57.7601083
wh13048,46.318,43.28947059
wh13048,60.753,60.81716095
wh13074A,135.877,129.5459296
wh13074A,140.5015,132.739604
wh13074A,136.7715,138.1280631
wh13074A,136.8215,136.3551081
wh13074A,127.5755,136.8242122
wh13074A,128.7205,122.3410779
Wh96011,89.9805,101.7588265
Wh96011,66.7455,72.03962528
Wh96011,87.0955,81.23463975
Wh96011,75.3225,75.86517694
Wh96011,78.056,74.29795955
Wh96011,73.9855,95.46374799
Wu00801,296.9585,271.9352434
Wu00801,222.629,193.8459347
Wu00801,241.018,231.0701807
Wu00801,222.9395,201.4585012
Wu00801,180.2255,188.2990626
Wu00801,316.1035,300.8825201
wu10802R,231.339,230.3017204
wu10802R,202.287,207.7890261
wu10802R,165.6635,180.0985941
wu10802R,188.065,182.0308682
wu10802R,215.252,195.8649692
wu10802R,197.858,199.297608
wuh07492i,141.575,128.3671989
wuh07492i,101.8515,96.12703113
wuh07492i,136.8255,130.1443217
wuh07492i,110.5055,127.7475422
wuh07492i,127.2705,136.616917
wuh07492i,120.169,127.5777542
wuh08127ia,151.914,150.0555694
wuh08127ia,146.8325,175.343405
wuh08127ia,186.985,182.3255669
wuh08127ia,164.502,168.1025659
wuh08127ia,223.0505,243.7268505
wuh08127ia,146.2865,138.7370002
wuh09093i,129.0185,120.0335739
wuh09093i,123.3345,119.5032983
wuh09093i,190.986,185.3738891
wuh09093i,155.3575,139.598706
wuh09093i,162.0915,161.8722546
wuh09093i,189.987,168.5383812
wuh09150i,103.8185,95.75835877
wuh09150i,71.4425,63.08386418
wuh09150i,62.2905,57.30793458
wuh09150i,98.762,89.5381592
wuh09150i,141.507,115.2413402
wuh09150i,136.5355,132.6646389
wuh09174i,130.9265,110.9272502
wuh09174i,97.7985,95.9818825
wuh09174i,58.625,79.23131834
wuh09174i,82.498,81.21116114
wuh09174i,63.2615,71.59783889
wuh09174i,100.511,105.4544104
wuh09183i,172.3895,152.308974
wuh09183i,150.755,152.2549905
wuh09183i,164.354,140.7731038
wuh09183i,177.6465,156.0384167
wuh09183i,182.687,131.4121256
wuh09183i,183.566,149.9843223
Z07_001,213.5595,197.4519995
Z07_001,171.954,161.7108668
Z07_001,212.3115,191.1612472
Z07_001,163.101,168.7463868
Z07_001,203.2225,212.3383987
Z07_001,182.4525,165.042245
,300.5725,284.3995322
,335.8275,277.84427
,327.483,346.7661624
,278.0005,282.4554227
,303.004,301.347956
,258.847,259.4673731
,195.4875,191.6506455
,184.126,146.1206711
,210.1465,215.3637136
,239.962,208.8936934
,280.12,282.2593749
,219.136,242.4914828
,207.971,212.7089819
,287.2125,287.1407834
,255.3715,240.702615
,207.461,204.4636424
,218.1895,221.981281
,218.6015,201.9939287
,258.356,265.1696642
,253.7325,252.2243815
,319.0485,299.8480965
,215.453,223.6347959
,203.829,209.9327623
,244.711,238.6657031
,214.3775,236.7529719
,223.651,231.4658431
,288.6905,271.8669949
,208.3425,204.4281756
,202.7645,206.924651
,183.8705,186.1301034
,274.797,254.0715214
,269.4475,241.3023509
,271.5155,233.0990541
,236.998,204.4999108
,265.9665,262.0858321
,251.87,232.046745
,187.7555,204.3403123
,191.1885,213.8379175
,180.116,166.0029702
,337.1335,345.1597354
,348.7955,323.9522669
,325.0015,359.6002982
,216.7425,199.3844562
,194.608,189.5375186
,228.4515,238.3691334
,235.58,223.3175248
,198.654,197.9958419
,216.5505,187.7530201
,222.712,227.3478044
,275.641,262.564071
,201.822,189.837805
,207.3915,232.3407868
,218.1245,223.9475629
,215.468,218.9605231
,251.383,254.3903209
,277.889,270.9586329
,233.0515,254.9208682
,222,232.8068121
,219.1175,242.2152366
,195.378,213.9917249
,210.0155,213.4815347
,190.289,194.9114489
,208.234,173.1891045
,187.182,178.9963812
,169.875,154.3976706
,207.949,181.8888305
,189.582,190.0267584
,175.522,170.1372379
,186.573,214.3669245
,186.873,158.2155442
,181.959,171.6429751
,203.733,213.9138601
,203.5545,214.8950872
,220.135,252.8953297
,254.473,254.974959
,282.294,273.4147249
,313.7835,342.1354415
,295.3195,290.9155669
,248.5335,253.0418447
,224.267,205.6759845
,229.5405,203.1577468
,293.4825,268.5844031
,125.202,131.3770328
,142.2445,124.1907951
,191.074,175.9592336
,209.0305,174.2031703
,209.953,183.3699727
,276.82,242.9069479
,265.693,282.1512694
,235.7745,240.8989561
,300.336,292.8053646
,300.4765,343.233283
,282.5255,317.2984096
,268.6275,255.5280105
,231.7595,241.1729549
,212.2785,236.0197149
,268.4935,269.5762276
,294.477,283.0132829
,420.4545,414.0525449
,370.508,352.8720824
,298.1215,278.1324224
,310.5535,259.7236093
,247.3385,244.3023631
,241.119,248.9988273
,218.4955,205.4799347
,273.774,249.4852607
,285.3115,323.7742586
,253.9685,264.2573288
,253.375,273.3604694
,253.855,275.5944525
,234.9105,262.3307805
,295.6645,315.3063986
,355.9385,369.9491298
,229.9185,260.5679086
,245.561,251.1986686
,427.169,435.9190746
,230.8765,255.5565342
,324.112,348.7778094
,196.9795,247.3812618
,312.5005,340.9900498
,271.7445,264.2136163
,324.3345,295.5278599
,271.6345,282.4319772
,272.9325,289.0055779
,305.7575,315.8865704
,360.6735,349.7284544
,373.7325,361.9069674
,229.1415,258.5412713
,301.6255,329.5615902
,280.141,288.4661116
,246.593,254.7851299
,276.7045,255.144205
,285.6195,315.6024827
,302.8685,332.8494885
,309.777,362.9182304
,247.023,272.7944279
,386.426,367.0873678
,331.204,320.0601361
,346.2535,338.6731989
,348.951,327.1751622
,392.39,394.093821
,248.175,307.4750604
,261.1865,272.2012942
,261.657,300.8868769
,249.6895,263.9862419
,324.4995,336.0587201
,315.8155,341.8781774
,384.967,381.8838468
,414.5895,386.7433388
,392.259,402.3690976
,417.781,423.236892
,385.75,398.9902727
,356.787,382.5771987
,300.5045,324.5986039
,336.453,386.767049
,312.391,327.0711444
,332.628,323.6766749
,323.3415,342.0853417
,352.4215,373.2599405
,365.8765,350.6133585
,481.206,435.1770005
,455.6535,424.8896612
,363.596,355.1295307
,352.282,354.6737515
,342.502,346.2551769
,400.8725,398.5167792
,337.461,322.6131549
,377.0585,344.1201332
,234.307,246.7712729
,203.8915,210.2382285
,224.7835,218.1943736
,386.75,341.7503349
,355.8695,306.0430864
,355.427,341.691358
,210.7055,185.5549973
,275.039,261.442339
,227.1225,202.6074147
,223.1575,228.3650467
,259.925,278.5818701
,379.5395,376.8776305
,298.579,286.4455554
,330.63,333.2371552
,337.1595,323.1560428
,352.439,323.4561463
,386.8595,357.0643248
,288.2495,270.9265492
,273.842,247.7144072
,255.1325,288.1720707
,224.7955,210.3611933
,247.137,278.2753855
,218.5535,208.8625553
,309.835,326.3116694
,295.6375,306.7689638
,202.2205,204.975813
,264.546,291.8367407
,315.885,306.6480912
,293.1975,324.5800999
,248.0315,236.2168513
,268.1025,262.7572522
,235.523,243.4059191
,251.457,263.1712936
,232.894,266.4577208
,243.1505,228.9482402
,286.5535,282.2312175
,276.3375,288.4510747
,288.2815,280.0825309
,234.3355,245.8281182
,198.646,229.769784
,203.954,228.5418186
,271.864,260.135284
,282.44,277.1252828
,283.3865,270.7513075
,312.0625,270.3944877
,217.9845,209.4074783
,257.4125,244.2327451
,240.483,194.6985049
,249.4055,225.7179982
,250.288,216.424367
,222.4305,238.6874532
,203.9825,235.0336554
,201.9025,224.7802912
,218.3265,196.5111947
,219.292,221.7206971
,210.6155,202.0802961
,189.1825,235.7673044
,177.5105,150.0977378
,237.377,216.4742231
,234.0045,239.9206389
,249.5,260.247681
,178.715,196.7976729
,273.311,255.8187425
,244.1915,204.1770833
,248.396,224.1375976
,258.7105,252.2003036
,246.5445,258.4372738
,275.6655,258.438202
,231.657,222.2903094
,226.274,233.0291151
,211.499,209.8739145
,247.573,235.0583723
,188.3655,196.014092
,216.1205,206.3441705
,182.012,173.3887603
,201.152,165.1208277
,244.825,193.1262442
,230.437,210.2687871
,269.955,280.5849446
,212.8925,189.550683
,353.864,356.2875184
,256.0415,256.3875721
,259.278,247.7794481
,264.469,260.9553668
,256.2655,265.2853206
,231.753,219.1896852
,350.157,346.6658687
,244.1465,236.2480179
,307.361,284.6983087
,267.5095,218.0105881
,275.5665,268.8771036
,250.1105,221.6359447
,397.289,363.1262763
,342.2565,313.5766502
,376.601,371.08941
,320.082,311.8823744
,301.085,300.3365856
,278.514,245.630889
,356.325,351.2116785
,312.5505,287.4526244
,307.1515,291.3650429
,298.802,271.5817827
,317.897,278.2294286
,278.7755,275.4568998
FLHO cycle 3,348.256,375.8614518
FLHO cycle 3,317.7525,305.4563461
FLHO cycle 3,316.677,320.3781429
FLHO cycle 3,324.552,327.2681673
FLHO cycle 3,316.0235,268.268445
FLHO cycle 3,272.255,277.835167
FLHO cycle 3,168.3945,198.7914421
FLHO cycle 3,361.34,365.2445742
FLHO cycle 3,357.014,383.1479758
FLHO cycle 3,266.854,286.5863034
FLHO cycle 3,298.0745,292.93953
FLHO cycle 3,287.1625,299.9772223
FLHO cycle 3,304.814,302.1934347
FLHO cycle 3,349.0785,358.0669855
FLHO cycle 3,313.45,319.2505148
FLHO cycle 3,292.878,295.0547439
FLHO cycle 3,305.8055,316.7288331
FLHO cycle 3,295.621,316.8586316
FLHO cycle 3,274.3525,301.8600842
FLHO cycle 3,261.1905,278.0782061
FLHO cycle 3,249.112,258.108443
FLHO cycle 3,285.9215,292.3959761
FLHO cycle 3,311.02,311.4681595
FLHO cycle 3,297.0615,301.2520018
FLHO cycle 3,369.676,370.364219
FLHO cycle 3,331.9015,346.4529738
FLHO cycle 3,348.298,366.5463787
FLHO cycle 3,264.583,271.2940709
FLHO cycle 3,274.936,271.5309159
FLHO cycle 3,288.325,265.5616338
FLHO cycle 4,396.348,389.7307305
FLHO cycle 4,347.036,345.4494042
FLHO cycle 4,369.753,367.4613723
FLHO cycle 4,378.215,406.9235542
FLHO cycle 4,380.6735,372.5372809
FLHO cycle 4,383.037,378.560177
FLHO cycle 4,352.634,333.0243933
FLHO cycle 4,355.5265,363.4721593
FLHO cycle 4,352.4745,304.1737932
FLHO cycle 4,279.91,286.3121692
FLHO cycle 4,347.543,311.5254048
FLHO cycle 4,302.122,305.3161657
FLHO cycle 4,456.2755,429.0404033
FLHO cycle 4,413.547,348.0854608
FLHO cycle 4,455.146,410.6681074
FLHO cycle 4,491.127,460.9991787
FLHO cycle 4,513.348,507.2745026
FLHO cycle 4,437.043,431.7235412
FLHO cycle 4,407.952,399.1686977
FLHO cycle 4,406.3915,416.6827382
FLHO cycle 4,408.95,431.8125419
FLHO cycle 4,286.1805,278.8725478
FLHO cycle 4,371.2075,366.0497913
FLHO cycle 4,374.4405,382.7561234
FLHO cycle 4,305.8145,336.2937098
FLHO cycle 4,326.0975,305.4259656
FLHO cycle 4,318.661,317.8715741
FLHO cycle 4,461.2995,442.385692
FLHO cycle 4,408.258,397.2028861
FLHO cycle 4,338.9165,342.2801397
FLHO cycle 4,327.6305,332.0822319
FLHO cycle 4,378.0695,396.0812206
FLHO cycle 4,401.647,336.707071
FLHO cycle 5,277.691,299.3906104
FLHO cycle 5,322.134,306.3356898
FLHO cycle 5,302.5065,336.0868955
FLHO cycle 5,322.0015,339.7564367
FLHO cycle 5,349.2205,383.2271325
FLHO cycle 5,329.755,377.4342009
FLHO cycle 5,282.156,355.1302776
FLHO cycle 5,350.5665,346.9599508
FLHO cycle 5,316.5835,327.50293
FLHO cycle 5,421.091,446.530592
FLHO cycle 5,389.777,409.5196492
FLHO cycle 5,397.3695,405.0329165
FLHO cycle 5,297.8615,292.0684018
FLHO cycle 5,311.078,360.4570331
FLHO cycle 5,287.138,322.4162283
FLHO cycle 5,307.004,307.4370919
FLHO cycle 5,321.6225,337.2199996
FLHO cycle 5,306.569,302.7398281
FLHO cycle 5,346.564,356.4713746
FLHO cycle 5,331.276,367.0419332
FLHO cycle 5,344.2415,338.7838365
FLHO cycle 5,318.5395,315.5844444
FLHO cycle 5,253.297,244.225434
FLHO cycle 5,296.3135,288.3377168
FLHO cycle 5,302.7345,285.9609068
FLHO cycle 5,325.571,333.1667782
FLHO cycle 5,322.3525,348.5229711
FLHO cycle 5,322.4895,368.2059303
FLHO cycle 5,351.1855,351.3990796
FLHO cycle 5,333.075,354.5433206
FLHO cycle 6,366.681,339.1999573
FLHO cycle 6,334.626,296.6701335
FLHO cycle 6,364.9275,356.7239468
FLHO cycle 6,298.9875,304.6518515
FLHO cycle 6,283.484,287.8754474
FLHO cycle 6,303.084,299.3150478
FLHO cycle 6,365.469,378.9265454
FLHO cycle 6,306.2255,306.7077816
FLHO cycle 6,362.1485,365.5337269
FLHO cycle 6,326.185,323.1918135
FLHO cycle 6,367.505,355.4934006
FLHO cycle 6,376.8045,365.6308771
FLHO cycle 6,358.509,381.9694248
FLHO cycle 6,348.7505,300.2200323
FLHO cycle 6,348.3965,351.9798067
FLHO cycle 6,397.0055,423.1299675
FLHO cycle 6,393.0885,387.7622981
FLHO cycle 6,351.819,358.0584935
FLHO cycle 6,447.1975,386.3880258
FLHO cycle 6,384.085,331.0644228
FLHO cycle 6,326.2885,320.1355368
FLHO cycle 6,314.889,295.2033372
FLHO cycle 6,318.235,335.9775949
FLHO cycle 6,345.817,348.1231693
FLHO cycle 6,329.213,298.9295867
FLHO cycle 6,327.153,290.6514487
FLHO cycle 6,307.9755,317.5630932
FLHO cycle 6,346.213,362.7321811
FLHO cycle 6,318.012,264.5467178
FLHO cycle 7,312.7085,327.8429689
FLHO cycle 7,271.701,235.5515623
FLHO cycle 7,268.9675,300.5354414
FLHO cycle 7,383.169,377.0406314
FLHO cycle 7,394.092,407.9389677
FLHO cycle 7,382.625,365.2868946
FLHO cycle 7,320.2095,339.8103435
FLHO cycle 7,318.8325,305.3518107
FLHO cycle 7,314.51,330.3282614
FLHO cycle 7,381.22,386.9084964
FLHO cycle 7,360.9315,370.3407619
FLHO cycle 7,334.115,341.536789
FLHO cycle 7,311.708,319.1600202
FLHO cycle 7,295.661,318.4869015
FLHO cycle 7,284.9815,318.9271604
FLHO cycle 7,294.168,289.9813722
FLHO cycle 7,320.0625,280.4698863
FLHO cycle 7,321.898,303.5602943
FLHO cycle 7,294.8185,335.766619
FLHO cycle 7,300.6645,339.5362353
FLHO cycle 7,318.166,344.324846
FLHO cycle 7,315.533,270.474437
FLHO cycle 7,286.011,287.5700113
FLHO cycle 7,333.015,359.7838814
FLHO cycle 7,262.438,268.5360648
FLHO cycle 7,290.3495,326.4272075
FLHO cycle 7,276.7365,281.129409
FLHO cycle 7,284.6305,295.7361131
FLHO cycle 7,322.062,314.8083429
FLHO cycle 7,289.6985,319.3985962
FLHO cycle 8,332.495,357.5198817
FLHO cycle 8,281.3255,279.0697072
FLHO cycle 8,341.9805,375.3415276
FLHO cycle 8,282.715,313.1636018
FLHO cycle 8,237.9215,251.5722097
FLHO cycle 8,264.4685,292.8434652
FLHO cycle 8,289.7275,283.8472279
FLHO cycle 8,287.608,295.831512
FLHO cycle 8,280.331,283.6004553
FLHO cycle 8,270.3145,276.8145508
FLHO cycle 8,287.8235,329.2524621
FLHO cycle 8,309.571,314.5886814
FLHO cycle 8,282.6325,265.3303396
FLHO cycle 8,289.6395,278.8648894
FLHO cycle 8,305.518,301.4955212
FLHO cycle 8,222.493,187.1666598
FLHO cycle 8,238.933,248.8553771
FLHO cycle 8,232.1005,253.1497098
FLHO cycle 8,251.764,251.5000933
FLHO cycle 8,250.743,249.0802764
FLHO cycle 8,204.9725,198.7730285
FLHO cycle 8,292.7095,317.2314864
FLHO cycle 8,282.925,315.8814985
FLHO cycle 8,327.5685,370.6152703
FLHO cycle 8,360.348,411.671084
FLHO cycle 8,333.4585,375.6759269
FLHO cycle 8,340.0025,372.5025232
,196.197,218.2952626
,228.5065,266.8052971
,208.243,211.5417391
,206.745,198.1915965
,251.6335,244.2270783
,278.046,280.1831786
,278.674,264.4359778
,235.7665,217.9596503
,204.1785,225.0336142
,234.917,238.8666743
,233.3435,261.2489117
,236.4515,220.4718684
,272.4315,288.6271481
,267.2745,301.1665008
,251.839,285.4879436
,208.708,236.7429571
,212.0905,213.688764
,222.7715,231.7479083
,223.0655,245.153318
,245.3575,294.9836842
,257.338,251.5737829
,248.562,262.9557125
,253.8065,284.5367689
,248.4415,276.934767
,254.8625,295.3053044
,249.1465,267.9614758
,255.568,287.7713343
,145.364,152.6547998
,166.5645,191.2164671
,136.762,133.0301966
,256.501,230.0956002
,266.2305,302.3217115
,264.962,278.4451352
,222.5995,232.2967727
,220.098,210.0703057
,219.945,258.3505914
,215.52,213.4466952
,214.446,204.3188845
,213.023,205.1291569
,165.7355,170.4770968
,184.818,191.6685468
,190.9975,185.5538421
,285.6395,292.3275993
,295.575,300.6964943
,263.109,301.8248925
,194.77,199.378991
,217.3505,215.1559352
,232.2475,251.2047726
,258.876,276.1866645
,259.641,286.8217695
,283.6785,290.7172321
,255.423,234.8363377
,276.829,261.4998856
,228.6775,220.1993957
,199.5845,217.715797
,242.9615,270.9741984
,248.733,268.4976013
,309.5525,323.1560298
,251.1355,246.7880623
,194.092,182.9303553
,333.1705,323.8811293
,252.4195,269.8278404
,309.8455,313.7236627
,235.198,254.7144975
,293.221,297.9669098
,212.591,257.972389
,263.5005,272.02584
,241.7475,237.218743
,231.3425,233.0887234
,266.553,249.1859099
,196.3115,202.3100782
,219.39,255.2243238
,241.785,243.0109993
,260.3765,276.5081967
,217.1585,238.6458087
,292.0645,284.1667096
,295.933,270.7407146
,244.494,248.4612743
,245.1395,222.9060355
,222.7395,211.1602139
,253.414,287.7026454
,221.3265,237.5267047
,238.1315,268.5836567
,206.2565,228.3262435
,197.551,223.6608422
,240.383,240.9163192
,211.846,203.3559963
,230.417,226.6411146
,288.1505,274.8865315
,278.232,251.8129517
,199.621,201.8260087
,199.204,208.6890176
,254.23,263.4063673
,309.146,299.4052088
,285.6245,286.4372654
,254.1545,271.9759137
,197.608,209.0103923
,244.4435,218.4837463
,188.9715,201.1392422
,248.7515,256.3320499
,295.441,310.7079421
,245.4305,221.1673629
,294.307,278.0931713
,232.028,233.6510377
,266.4535,230.1924244
,170.576,185.2535744
,219.069,231.8663335
,200.694,203.2571057
,217.827,230.3218301
,264.6155,272.8764026
,266.554,271.1517001
,212.492,224.5480614
,218.535,220.9057673
,223.8775,244.6164762
,275.452,257.7299514
,206.2425,225.5182795
,285.102,276.794286
,237.3695,248.1211685
,223.9955,251.9827856
,253.5085,273.2668819
,209.7055,203.3990813
,241.344,255.0514604
,207.646,212.867982
,253.375,251.9966701
,231.125,229.3488508
,221.9035,220.0327685
,207.317,182.2452518
,238.355,243.340802
,205.5065,240.9733976
,273.97,284.2928364
,263.559,260.999165
,269.887,266.5418793
,187.8355,185.3685714
,248.667,251.0745826
,240.273,269.808149
,266.443,243.5212178
,225.286,234.3751074
,215.35,229.0611283
,215.7175,201.9182957
,268.259,278.9138893
,202.642,167.8619743
,207.0985,179.8888116
,276.287,266.6760074
,243.322,278.4298916
IRLP1,192.771,184.8218047
IRLP1,207.6675,231.5463848
IRLP1,193.253,206.6918629
IRLP1,180.5005,172.968169
IRLP1,189.482,154.8611164
IRLP1,178.706,146.0960964
ILP1,289.629,220.2086508
ILP1,276.5845,206.5176443
ILP1,289.825,231.5666753
IHP1,135.3565,165.5742719
IHP1,138.0625,146.1507971
IHP1,127.871,140.3779912
ILO cycle 99-1,266.239,248.2573892
ILO cycle 99-1,287.672,282.4143303
ILO cycle 99-1,329.8285,327.5643509
IHO cycle 101-1,177.4135,182.4217753
IHO cycle 101-1,180.236,182.5295058
IHO cycle 101-1,180.7565,164.5370727
B73,244.739,190.3635749
B73,249.302,202.5192537
B73,238.0545,212.5957123
B97,255.116,255.9355609
B97,268.279,241.3881259
B97,278.637,244.1497257
CML052,223.9775,243.248212
CML052,215.4775,230.6150641
CML052,220.3725,220.6201787
CML069,244.4285,273.9144062
CML069,249.928,236.7276711
CML069,240.6105,255.0698031
CML103,181.4745,209.8220675
CML103,191.4715,198.3861868
CML103,199.4085,207.3616738
CML228,238.382,227.7631694
CML228,244.2825,240.8279563
CML228,236.9375,209.816398
CML247,198.826,220.0402921
CML247,195.081,210.6050911
CML247,169.242,218.1759071
CML277,266.542,290.6853692
CML277,290.2005,303.5974904
CML277,291.4255,285.2697062
CML322,186.588,209.1788857
CML322,176.481,199.1174255
CML322,160.5545,160.765411
CML333,253.812,300.2221006
CML333,267.8985,276.998866
CML333,248.146,286.8731551
Hp301,95.1855,118.2565456
Hp301,88.0835,103.1468528
Hp301,88.2575,114.1077034
Il14H,206.9085,223.6964074
Il14H,201.0655,172.1284561
Il14H,173.946,183.9303715
Ki03,281.984,279.035653
Ki03,276.1755,282.2471409
Ki03,289.068,291.695735
Ki11,254.343,237.1928351
Ki11,269.461,268.9542874
Ki11,284.127,252.7820959
Ky21,321.791,330.3319148
Ky21,322.685,318.9279509
Ky21,260.7695,283.3622847
M037W,208.3495,211.1692419
M037W,205.1735,244.3241375
M037W,220.5655,233.9321971
M162W,190.795,180.5661998
M162W,217.32,213.5449076
M162W,201.6735,210.8123052
Mo17,363.421,351.7340966
Mo17,365.6625,310.8312101
Mo17,365.9855,349.2481592
Mo18W,239.6075,262.2134967
Mo18W,235.063,252.7322346
Mo18W,206.9035,210.9482172
MS71,290.4235,280.579592
MS71,299.3035,268.2946209
MS71,306.346,307.5070397
NC350,213.0035,244.3604604
NC350,209.8245,225.5622396
NC350,230.524,240.732066
NC358,213.7855,218.427492
NC358,220.428,241.66368
NC358,224.61,254.3572896
Oh43,228.497,229.8436841
Oh43,224.515,227.4573521
Oh43,245.616,208.6733924
Oh7B,265.689,246.5557381
Oh7B,253.4385,254.6296019
Oh7B,266.676,240.3456081
P39,154.3325,147.482842
P39,132.544,122.7861508
P39,147.7575,118.5245694
Tx303,286.4945,308.112865
Tx303,309.246,307.4685398
Tx303,317.08,320.4483862
Tzi8,180.0695,172.8543842
Tzi8,174.5665,205.2430079
Tzi8,175.09,202.2942415
bt2/+ in W64A,100.946,92.62616568
bt2/+ in W64A,107.649,98.2340336
bt2/+ in W64A,95.3155,76.68291412
su1/+ in W64A,132.2225,126.2137532
su1/+ in W64A,133.939,130.5949867
su1/+ in W64A,148.405,151.8537947
sh2/+ in W64A,101.668,107.4486106
sh2/+ in W64A,105.672,103.7731763
sh2/+ in W64A,103.223,99.22710833
su1/+ in W64A,140.723,140.2817676
su1/+ in W64A,151.298,155.6307876
su1/+ in W64A,142.302,134.1002201
bt1/+ in W64A,85.0425,102.3755127
bt1/+ in W64A,91.303,110.3451291
bt1/+ in W64A,92.367,106.825312
W64A/fl1,182.7125,176.9185865
W64A/fl1,191.1145,204.7357716
W64A/fl1,167.882,191.9080427
W64A/fl2,199.453,226.8822857
W64A/fl2,189.148,194.837926
W64A/fl2,197.236,180.1935255
IBM RIL,301.767,279.7466942
IBM RIL,297.702,270.6122673
IBM RIL,297.546,274.6372513
W64A/o2,161.057,129.1253843
W64A/o2,167.6465,126.3292268
W64A/o2,164.5865,156.5555191
W23/h1,234.3265,199.7115311
W23/h1,241.2965,206.5429951
W23/h1,243.7185,212.2738364
W23/o2,214.4945,161.0754774
W23/o2,193.752,151.6986813
W23/o2,221.874,179.4469219
IBM RIL,267.723,242.2015534
IBM RIL,248.342,226.1802911
IBM RIL,244.6035,205.7208525
bt1/+ in W23,96.0685,111.3255844
bt1/+ in W23,69.8785,91.70366316
bt1/+ in W23,76.4605,90.71216085
IBM RIL,306.363,258.6578413
IBM RIL,223.9225,216.9851821
IBM RIL,325.235,328.6997758
FLHO Cycle 10,232.8035,250.2859143
FLHO Cycle 10,226.2855,230.1269393
FLHO Cycle 10,238.5565,222.802436
FLHO Cycle 10,209.168,212.0471242
FLHO Cycle 10,222.0715,244.9611794
FLHO Cycle 10,253.0435,282.7760592
FLHO Cycle 10,235.197,242.6228486
FLHO Cycle 10,327.2555,303.9926821
FLHO Cycle 10,334.024,306.9027701
FLHO Cycle 10,300.3715,306.7035801
FLHO Cycle 10,323.9105,345.1507356
FLHO Cycle 10,300.434,309.4932144
FLHO Cycle 10,221.5295,216.3810748
FLHO Cycle 10,241.5745,235.4014034
FLHO Cycle 10,218.0835,226.0853381
,229.5555,190.1097609
,302.5385,309.6020803
,288.2375,280.408556
,290.923,326.505317
,277.064,236.3501507
,269.9625,273.1748957
,291.145,312.0268446
,284.7355,293.0155656
,283.264,298.1718947
,297.5025,317.3659466
,281.884,256.0999613
,264.1625,310.2008118
,282.189,268.5507375
,265.706,260.2711743
,293.454,320.8424506
,264.974,292.2884913
,264.9275,294.1426736
,266.8115,288.1017304
,258.63,305.7332998
,288.469,275.8703354
,256.519,258.0594935
,284.031,290.2733721
,231.5675,202.2959184
,240.0945,230.6557267
,225.442,251.2236014
,221.207,224.3532548
,221.3315,244.0848379
,240.9905,227.5319636
,236.833,233.7096541
,253.5445,250.6638844
,235.557,251.8185458
,217.659,235.7271679
,203.8385,223.0239124
,234.735,248.2292413
,232.259,230.1521
,235.22,264.8204041
,235.9915,255.431938
,231.6485,254.5539731
,231.064,239.1515589
,287.7705,280.9008908
,289.833,298.6973099
,270.505,259.1128427
,271.7845,284.9183201
,245.668,250.9524817
,259.593,263.7424911
,260.896,278.4181715
,260.6925,276.2176957
,247.5015,233.653228
,208.416,202.5946284
,215.8795,214.929616
,236.6005,232.4170912
,227.5575,228.6741615
,219.7985,224.2769252
,277.26,306.3783278
,268.5595,266.8603386
,248.2175,248.1942574
,247.4485,256.5919106
,220.3275,225.4704566
,253.6715,260.1383013
,251.081,248.911966
,254.314,239.5526357
,279.996,292.8987474
,268.5115,255.1243225
,262.8805,281.2103812
,256.5545,254.5376211
,281.3125,275.1084038
,243.0355,258.5737676
,275.1395,271.4969938
,250.424,282.1737145
,264.2805,280.2079693
,236.3865,243.8107783
,247.6205,257.7720204
,248.312,266.6972924
,254.3365,249.1961371
,239.338,237.5438552
,254.574,235.6304695
,263.86,277.7126258
,247.16,244.3558053
,251.329,240.6748516
,238.6845,256.5081882
,254.021,263.3931002
,249.9065,246.6413566
,275.5815,272.8347081
,244.535,257.9917352
,210.861,249.9602269
,237.732,240.990378
,254.0765,242.7003123
,304.479,322.4295198
,283.8615,261.0455042
,272.3735,276.8391211
,264.546,279.1525721
,285.5915,285.9519414
,228.4875,251.6677965
,296.64,309.9458125
,261.927,266.2326117
,231.0585,223.8084199
,243.3665,230.4665522
,266.8605,239.6003101
,256.171,246.784378
,237.3705,231.8384828
,252.341,269.6880114
,293.5145,272.8775929
,320.714,298.9121922
,299.0235,297.8213106
,306.0065,312.4956346
,317.345,334.4941799
,305.035,319.9427057
,306.3355,305.735103
,224.118,245.6511029
,307.221,317.3500833
,229.752,248.7589345
,316.278,313.5397901
,215.644,223.8107863
,283.308,303.2854363
,296.6475,315.4341954
,244.1975,210.3296755
,270.407,255.9143657
,285,270.6111599
,274.338,232.1935474
,256.9835,259.7118185
,268.6235,288.8139858
,259.396,290.8579104
,266.5735,280.104845
,265.395,252.4561518
,270.445,243.9561579
,259.406,251.0630594
,273.777,281.4007197
,232.806,219.1413388
,242.782,234.5675391
,246.319,234.3824605
,255.5555,255.6836696
,268.1275,302.3985287
,246.304,257.5955587
,271.78,287.6040687
,278.4665,288.3792267
,240.569,241.4836912
,263.3285,283.7084622
,284.522,264.7495396
,282.2165,290.6578676
,288.9415,245.4072697
,283.248,285.3361606
,278.828,280.4582795
,253.236,238.5787586
,301.6295,295.5240176
,313.1605,336.2353497
,278.7755,305.6501435
,276.263,302.8055526
,290.0165,315.6422325
,298.174,287.262949
,319.95,325.8849293
,309.3385,336.5983748
,332.7635,278.2057098
,302.7165,302.5429985
,279.0055,278.4875973
,285.731,280.6620932
,302.86,317.1160825
,327.421,329.9950965
,298.513,274.8139648
,319.405,311.457268
,317.044,321.6083205
,317.542,320.7599223
,282.9145,274.6684452
,296.4015,285.484806
,312.423,321.6736062
,292.497,287.1195305
,286.9355,267.3921644
,300.305,310.7620055
,296.5255,301.3060669
,325.054,318.5264492
,301.7585,267.9124341
,314.0475,289.9288498
,262.213,296.2343298
,258.3155,256.4076077
,261.585,277.2839846
,326.9575,341.9216324
,310.684,315.8583982
,293.725,296.9698275
,289.2115,300.3862107
,290.536,323.0357408
,296.8245,302.8400995
,264.748,248.4531875
,297.244,255.4309631
,277.993,289.4506811
,283.211,305.3422735
,272.7795,303.6021344
,285.241,273.3401903
,251.629,201.8106154
,204.4295,190.920902
,249.2545,207.5424495
,242.205,231.3122497
,253.592,210.8800209
,252.025,246.7655624
,254.264,230.6153384
,251.4435,251.7089575
,246.1985,244.93388
,262.03,273.2793531
,232.754,207.6815405
,240.4045,240.9166205
,197.3745,213.743851
,272.9025,284.9631682
,262.514,271.2979097
,248.8805,235.9126196
,226.691,221.9905431
,256.0105,235.8835563
,248.699,253.6264535
,263.172,282.8853534
,241.7875,245.7963695
,256.6365,251.2740155
,274.3985,267.7496397
,243.383,260.4293993
,307.0925,292.1319158
,298.2495,272.2313516
,277.525,273.6266454
,303.0585,299.9977508
,260.2625,287.1090211
,263.401,288.1332448
,297.332,302.2694029
,296.201,285.2592993
,287.715,255.6248532
,304.7515,277.0472082
,243.465,199.5726884
,258.117,260.6122477
,261.85,279.2130463
,258.578,235.6142262
,239.8005,249.0930508
,258.505,250.785347
,237.1635,244.6462218
,248.4185,268.7899772
,268.262,271.5163239
,271.012,260.0198931
,253.515,270.1087671
,247.213,258.6153523
,231.883,225.5537517
,265.344,262.3045441
,267.323,257.9528854
,243.823,246.8301158
,251.5805,272.7586981
,251.9895,240.313448
,254.7915,267.8649987
,240.423,233.870889
,257.2905,225.8597633
,252.234,261.0269895
,215.4945,231.7463855
,265.285,275.0169965
,247.99,270.5259808
,261.3125,257.7039333
,264.015,273.8135866
,250.1745,229.1696715
,258.6155,267.6447795
,267.236,253.8034036
,262.5745,252.5267268
,253.5435,229.2440543
,250.7945,258.9370122
,285.4865,273.6852955
,262.6495,240.5514738
,276.173,261.6372405
,290.3885,278.7072895
,203.4925,215.2876219
,231.7315,214.7162854
,231.4215,191.0425844
,233.7855,192.7876334
,239.977,194.0538816
,230.385,219.4349734
,227.7825,164.5467561
,229.3765,206.3550423
,231.553,199.0293688
,229.249,229.2097059
,279.5685,313.8317889
,264.0975,298.5924497
,263.624,266.9226159
,263.1895,285.6089981
,276.8395,282.5537277
,264.195,261.4279552
,267.251,270.7320793
,251.577,228.9327886
,261.8355,271.0961305
,259.9305,231.1406256
,261.5795,273.493806
,262.634,240.4925339
,253.5235,264.7910153
,269.2885,277.7025103
,277.7815,245.1991181
,246.0785,246.5194003
,262.0185,285.9249242
,235.7375,261.8328349
,236.4205,254.6371285
,248.9385,275.7176008
,233.883,245.1669355
,258.02,264.0983775
,251.128,265.300644
,199.9335,205.008641
,236.5635,247.783829
,236.569,248.4775419
,242.113,221.6313307
,235.1795,215.1426479
,252.0855,244.3129627
,262.8615,270.4230097
,231.4825,215.0441227
,231.3295,204.9561299
,252.4815,263.8487418
,224.157,225.7312507
,243.237,227.7914344
,227.456,221.8690798
,228.674,247.8749185
,238.8645,222.7653029
,252.0885,234.942214
,247.9535,230.4145532
,233.567,227.5328688
,256.1225,274.251102
,220.8265,224.7503268
,245.94,252.1380158
,254.049,245.123005
,289.599,271.4379376
,257.307,249.0904799
,255.148,274.334497
,244.043,236.1049208
,267.7785,307.1388337
,268.3915,255.601115
,287.6905,283.7014231
,276.135,246.5675815
,250.116,247.217906
,242.777,271.0144569
,267.3,252.6666437
,319.473,316.3594441
,353.9145,328.83722
,343.544,353.3676069
,378.034,367.4391513
,305.7455,277.6953592
,312.782,325.8095529
,248.1305,256.8811558
,269.5915,260.2101358
,263.3055,274.2230394
,241.243,253.1699227
,240.8235,264.9764534
,238.7325,219.6130571
,248.466,234.4413967
,274.317,282.340547
,271.8645,277.5210254
,283.8325,279.1119358
,290.052,308.3532513
,232.973,246.7122678
,242.9135,241.1839658
,232.343,237.9094692
,231.786,243.4712678
,323.1575,349.5049911
,312.792,325.1491706
,264.676,275.5520742
,252.324,280.1995764
